row_id,source_id,company,garment_type,garment_notes,operation_seq,operation,operation_class,machine,method,n_operators,time_value_min,time_kind,raw_avg_cycle_min,raw_rating,raw_normal_time_min,citation,doi,notes
1,parvez_2017_table5_1,Crony Group of Industries (Bangladesh),knit_round_neck_top,"basic knit top, style unspecified",1.0,F/B part match,cutting_prep,HELP,"stopwatch time study, 10-cycle avg x performance rating x allowance",1,0.18,SMV (normal_time*(1+allowance)),0.22,0.7,0.15,"Parvez, M.S., Amin, M.R., Akter, S. (2017). ""Line Balancing Techniques To Improve Productivity Using Work Sharing Method."" IOSR Journal of Research & Method in Education (IOSR-JRME), 7(3), 40-47. DOI 10.9790/7388-0703040714.",10.9790/7388-0703040714,"Table 5.1, pre-work-sharing baseline layout."
2,parvez_2017_table5_1,Crony Group of Industries (Bangladesh),knit_round_neck_top,"basic knit top, style unspecified",2.0,1st shoulder join,shoulder_join,O/L,"stopwatch time study, 10-cycle avg x performance rating x allowance",1,0.18,SMV (normal_time*(1+allowance)),0.17,0.9,0.15,"Parvez, M.S., Amin, M.R., Akter, S. (2017). ""Line Balancing Techniques To Improve Productivity Using Work Sharing Method."" IOSR Journal of Research & Method in Education (IOSR-JRME), 7(3), 40-47. DOI 10.9790/7388-0703040714.",10.9790/7388-0703040714,"Table 5.1, pre-work-sharing baseline layout."
3,parvez_2017_table5_1,Crony Group of Industries (Bangladesh),knit_round_neck_top,"basic knit top, style unspecified",3.0,Neck binding,collar_neckline,O/L,"stopwatch time study, 10-cycle avg x performance rating x allowance",1,0.16,SMV (normal_time*(1+allowance)),0.14,0.95,0.13,"Parvez, M.S., Amin, M.R., Akter, S. (2017). ""Line Balancing Techniques To Improve Productivity Using Work Sharing Method."" IOSR Journal of Research & Method in Education (IOSR-JRME), 7(3), 40-47. DOI 10.9790/7388-0703040714.",10.9790/7388-0703040714,"Table 5.1, pre-work-sharing baseline layout."
4,parvez_2017_table5_1,Crony Group of Industries (Bangladesh),knit_round_neck_top,"basic knit top, style unspecified",4.0,Thread cut & folding,trimming,HELP,"stopwatch time study, 10-cycle avg x performance rating x allowance",1,0.15,SMV (normal_time*(1+allowance)),0.18,0.7,0.12,"Parvez, M.S., Amin, M.R., Akter, S. (2017). ""Line Balancing Techniques To Improve Productivity Using Work Sharing Method."" IOSR Journal of Research & Method in Education (IOSR-JRME), 7(3), 40-47. DOI 10.9790/7388-0703040714.",10.9790/7388-0703040714,"Table 5.1, pre-work-sharing baseline layout."
5,parvez_2017_table5_1,Crony Group of Industries (Bangladesh),knit_round_neck_top,"basic knit top, style unspecified",5.0,Neck top stitch,collar_neckline,F/L,"stopwatch time study, 10-cycle avg x performance rating x allowance",1,0.18,SMV (normal_time*(1+allowance)),0.16,0.95,0.15,"Parvez, M.S., Amin, M.R., Akter, S. (2017). ""Line Balancing Techniques To Improve Productivity Using Work Sharing Method."" IOSR Journal of Research & Method in Education (IOSR-JRME), 7(3), 40-47. DOI 10.9790/7388-0703040714.",10.9790/7388-0703040714,"Table 5.1, pre-work-sharing baseline layout."
6,parvez_2017_table5_1,Crony Group of Industries (Bangladesh),knit_round_neck_top,"basic knit top, style unspecified",6.0,Shoulder cross tuck,shoulder_join,S/N,"stopwatch time study, 10-cycle avg x performance rating x allowance",1,0.16,SMV (normal_time*(1+allowance)),0.15,0.9,0.13,"Parvez, M.S., Amin, M.R., Akter, S. (2017). ""Line Balancing Techniques To Improve Productivity Using Work Sharing Method."" IOSR Journal of Research & Method in Education (IOSR-JRME), 7(3), 40-47. DOI 10.9790/7388-0703040714.",10.9790/7388-0703040714,"Table 5.1, pre-work-sharing baseline layout."
7,parvez_2017_table5_1,Crony Group of Industries (Bangladesh),knit_round_neck_top,"basic knit top, style unspecified",7.0,2nd shoulder join,shoulder_join,O/L,"stopwatch time study, 10-cycle avg x performance rating x allowance",1,0.16,SMV (normal_time*(1+allowance)),0.15,0.9,0.13,"Parvez, M.S., Amin, M.R., Akter, S. (2017). ""Line Balancing Techniques To Improve Productivity Using Work Sharing Method."" IOSR Journal of Research & Method in Education (IOSR-JRME), 7(3), 40-47. DOI 10.9790/7388-0703040714.",10.9790/7388-0703040714,"Table 5.1, pre-work-sharing baseline layout."
8,parvez_2017_table5_1,Crony Group of Industries (Bangladesh),knit_round_neck_top,"basic knit top, style unspecified",8.0,Shoulder out tuck,shoulder_join,S/N,"stopwatch time study, 10-cycle avg x performance rating x allowance",1,0.19,SMV (normal_time*(1+allowance)),0.17,0.9,0.16,"Parvez, M.S., Amin, M.R., Akter, S. (2017). ""Line Balancing Techniques To Improve Productivity Using Work Sharing Method."" IOSR Journal of Research & Method in Education (IOSR-JRME), 7(3), 40-47. DOI 10.9790/7388-0703040714.",10.9790/7388-0703040714,"Table 5.1, pre-work-sharing baseline layout."
9,parvez_2017_table5_1,Crony Group of Industries (Bangladesh),knit_round_neck_top,"basic knit top, style unspecified",9.0,Sleeve prep,sleeve_set,HELP,"stopwatch time study, 10-cycle avg x performance rating x allowance",1,0.14,SMV (normal_time*(1+allowance)),0.14,0.9,0.13,"Parvez, M.S., Amin, M.R., Akter, S. (2017). ""Line Balancing Techniques To Improve Productivity Using Work Sharing Method."" IOSR Journal of Research & Method in Education (IOSR-JRME), 7(3), 40-47. DOI 10.9790/7388-0703040714.",10.9790/7388-0703040714,"Table 5.1, pre-work-sharing baseline layout."
10,parvez_2017_table5_1,Crony Group of Industries (Bangladesh),knit_round_neck_top,"basic knit top, style unspecified",10.0,Sleeve & body match,sleeve_set,HELP,"stopwatch time study, 10-cycle avg x performance rating x allowance",1,0.18,SMV (normal_time*(1+allowance)),0.22,0.7,0.15,"Parvez, M.S., Amin, M.R., Akter, S. (2017). ""Line Balancing Techniques To Improve Productivity Using Work Sharing Method."" IOSR Journal of Research & Method in Education (IOSR-JRME), 7(3), 40-47. DOI 10.9790/7388-0703040714.",10.9790/7388-0703040714,"Table 5.1, pre-work-sharing baseline layout."
11,parvez_2017_table5_1,Crony Group of Industries (Bangladesh),knit_round_neck_top,"basic knit top, style unspecified",11.0,Sleeve join,sleeve_set,O/L,"stopwatch time study, 10-cycle avg x performance rating x allowance",1,0.23,SMV (normal_time*(1+allowance)),0.24,0.85,0.2,"Parvez, M.S., Amin, M.R., Akter, S. (2017). ""Line Balancing Techniques To Improve Productivity Using Work Sharing Method."" IOSR Journal of Research & Method in Education (IOSR-JRME), 7(3), 40-47. DOI 10.9790/7388-0703040714.",10.9790/7388-0703040714,"Table 5.1, pre-work-sharing baseline layout."
12,parvez_2017_table5_1,Crony Group of Industries (Bangladesh),knit_round_neck_top,"basic knit top, style unspecified",12.0,Thread cut & folding,trimming,HELP,"stopwatch time study, 10-cycle avg x performance rating x allowance",1,0.18,SMV (normal_time*(1+allowance)),0.28,0.7,0.15,"Parvez, M.S., Amin, M.R., Akter, S. (2017). ""Line Balancing Techniques To Improve Productivity Using Work Sharing Method."" IOSR Journal of Research & Method in Education (IOSR-JRME), 7(3), 40-47. DOI 10.9790/7388-0703040714.",10.9790/7388-0703040714,"Table 5.1, pre-work-sharing baseline layout."
13,parvez_2017_table5_1,Crony Group of Industries (Bangladesh),knit_round_neck_top,"basic knit top, style unspecified",13.0,Side seam close,side_seam,O/L,"stopwatch time study, 10-cycle avg x performance rating x allowance",1,0.24,SMV (normal_time*(1+allowance)),0.3,0.7,0.21,"Parvez, M.S., Amin, M.R., Akter, S. (2017). ""Line Balancing Techniques To Improve Productivity Using Work Sharing Method."" IOSR Journal of Research & Method in Education (IOSR-JRME), 7(3), 40-47. DOI 10.9790/7388-0703040714.",10.9790/7388-0703040714,"Table 5.1, pre-work-sharing baseline layout."
14,parvez_2017_table5_1,Crony Group of Industries (Bangladesh),knit_round_neck_top,"basic knit top, style unspecified",14.0,Thread cut & folding,trimming,HELP,"stopwatch time study, 10-cycle avg x performance rating x allowance",1,0.18,SMV (normal_time*(1+allowance)),0.21,0.7,0.15,"Parvez, M.S., Amin, M.R., Akter, S. (2017). ""Line Balancing Techniques To Improve Productivity Using Work Sharing Method."" IOSR Journal of Research & Method in Education (IOSR-JRME), 7(3), 40-47. DOI 10.9790/7388-0703040714.",10.9790/7388-0703040714,"Table 5.1, pre-work-sharing baseline layout."
15,parvez_2017_table5_1,Crony Group of Industries (Bangladesh),knit_round_neck_top,"basic knit top, style unspecified",15.0,Label sewing,label_attach,S/N,"stopwatch time study, 10-cycle avg x performance rating x allowance",1,0.17,SMV (normal_time*(1+allowance)),0.17,0.85,0.14,"Parvez, M.S., Amin, M.R., Akter, S. (2017). ""Line Balancing Techniques To Improve Productivity Using Work Sharing Method."" IOSR Journal of Research & Method in Education (IOSR-JRME), 7(3), 40-47. DOI 10.9790/7388-0703040714.",10.9790/7388-0703040714,"Table 5.1, pre-work-sharing baseline layout."
16,parvez_2017_table5_1,Crony Group of Industries (Bangladesh),knit_round_neck_top,"basic knit top, style unspecified",16.0,Bottom hem,hem,F/L,"stopwatch time study, 10-cycle avg x performance rating x allowance",1,0.17,SMV (normal_time*(1+allowance)),0.15,0.95,0.14,"Parvez, M.S., Amin, M.R., Akter, S. (2017). ""Line Balancing Techniques To Improve Productivity Using Work Sharing Method."" IOSR Journal of Research & Method in Education (IOSR-JRME), 7(3), 40-47. DOI 10.9790/7388-0703040714.",10.9790/7388-0703040714,"Table 5.1, pre-work-sharing baseline layout."
17,parvez_2017_table5_1,Crony Group of Industries (Bangladesh),knit_round_neck_top,"basic knit top, style unspecified",17.0,Churi hem,hem,F/L,"stopwatch time study, 10-cycle avg x performance rating x allowance",1,0.27,SMV (normal_time*(1+allowance)),0.24,0.95,0.22,"Parvez, M.S., Amin, M.R., Akter, S. (2017). ""Line Balancing Techniques To Improve Productivity Using Work Sharing Method."" IOSR Journal of Research & Method in Education (IOSR-JRME), 7(3), 40-47. DOI 10.9790/7388-0703040714.",10.9790/7388-0703040714,"Table 5.1, pre-work-sharing baseline layout."
18,parvez_2017_table5_1,Crony Group of Industries (Bangladesh),knit_round_neck_top,"basic knit top, style unspecified",18.0,Thread cut & folding,trimming,HELP,"stopwatch time study, 10-cycle avg x performance rating x allowance",1,0.2,SMV (normal_time*(1+allowance)),0.24,0.7,0.17,"Parvez, M.S., Amin, M.R., Akter, S. (2017). ""Line Balancing Techniques To Improve Productivity Using Work Sharing Method."" IOSR Journal of Research & Method in Education (IOSR-JRME), 7(3), 40-47. DOI 10.9790/7388-0703040714.",10.9790/7388-0703040714,"Table 5.1, pre-work-sharing baseline layout."
19,islam_2019_conventional,Mahadi Fashion (Pvt) Ltd (Bangladesh),knit_round_neck_tshirt,"buyer 'Sisal', style #6704",1.0,Back and front match,cutting_prep,-,"stopwatch time study, capacity chart",1,0.33,cycle time with allowance,,,,"Islam, S., Sultana, S., Chowdhury, A.S.M.N. et al. (2019). ""Implementation of Work Sharing Technique to Improve Line Efficiency in Sewing Section: A Case Study."" European Scientific Journal, ESJ, 15(33), 147-162. DOI 10.19044/esj.2019.v15n33p147.",10.19044/esj.2019.v15n33p147,"Pre-work-sharing baseline; paper states overall style SMV=5.5 min, which does not equal a naive sum of these 18 rows (6.78) -- likely because 5 of these operations use 2 operators and the paper's own SMV accounting for those differs from a flat sum; not resolved here, recorded as published."
20,islam_2019_conventional,Mahadi Fashion (Pvt) Ltd (Bangladesh),knit_round_neck_tshirt,"buyer 'Sisal', style #6704",2.0,Attach shoulder,shoulder_join,O/L,"stopwatch time study, capacity chart",1,0.34,cycle time with allowance,,,,"Islam, S., Sultana, S., Chowdhury, A.S.M.N. et al. (2019). ""Implementation of Work Sharing Technique to Improve Line Efficiency in Sewing Section: A Case Study."" European Scientific Journal, ESJ, 15(33), 147-162. DOI 10.19044/esj.2019.v15n33p147.",10.19044/esj.2019.v15n33p147,"Pre-work-sharing baseline; paper states overall style SMV=5.5 min, which does not equal a naive sum of these 18 rows (6.78) -- likely because 5 of these operations use 2 operators and the paper's own SMV accounting for those differs from a flat sum; not resolved here, recorded as published."
21,islam_2019_conventional,Mahadi Fashion (Pvt) Ltd (Bangladesh),knit_round_neck_tshirt,"buyer 'Sisal', style #6704",3.0,Tack and fold neck rib,collar_neckline,HELP,"stopwatch time study, capacity chart",1,0.33,cycle time with allowance,,,,"Islam, S., Sultana, S., Chowdhury, A.S.M.N. et al. (2019). ""Implementation of Work Sharing Technique to Improve Line Efficiency in Sewing Section: A Case Study."" European Scientific Journal, ESJ, 15(33), 147-162. DOI 10.19044/esj.2019.v15n33p147.",10.19044/esj.2019.v15n33p147,"Pre-work-sharing baseline; paper states overall style SMV=5.5 min, which does not equal a naive sum of these 18 rows (6.78) -- likely because 5 of these operations use 2 operators and the paper's own SMV accounting for those differs from a flat sum; not resolved here, recorded as published."
22,islam_2019_conventional,Mahadi Fashion (Pvt) Ltd (Bangladesh),knit_round_neck_tshirt,"buyer 'Sisal', style #6704",4.0,Attach neck rib to neck,collar_neckline,O/L,"stopwatch time study, capacity chart",1,0.32,cycle time with allowance,,,,"Islam, S., Sultana, S., Chowdhury, A.S.M.N. et al. (2019). ""Implementation of Work Sharing Technique to Improve Line Efficiency in Sewing Section: A Case Study."" European Scientific Journal, ESJ, 15(33), 147-162. DOI 10.19044/esj.2019.v15n33p147.",10.19044/esj.2019.v15n33p147,"Pre-work-sharing baseline; paper states overall style SMV=5.5 min, which does not equal a naive sum of these 18 rows (6.78) -- likely because 5 of these operations use 2 operators and the paper's own SMV accounting for those differs from a flat sum; not resolved here, recorded as published."
23,islam_2019_conventional,Mahadi Fashion (Pvt) Ltd (Bangladesh),knit_round_neck_tshirt,"buyer 'Sisal', style #6704",5.0,Back neck piping,collar_neckline,O/L,"stopwatch time study, capacity chart",1,0.33,cycle time with allowance,,,,"Islam, S., Sultana, S., Chowdhury, A.S.M.N. et al. (2019). ""Implementation of Work Sharing Technique to Improve Line Efficiency in Sewing Section: A Case Study."" European Scientific Journal, ESJ, 15(33), 147-162. DOI 10.19044/esj.2019.v15n33p147.",10.19044/esj.2019.v15n33p147,"Pre-work-sharing baseline; paper states overall style SMV=5.5 min, which does not equal a naive sum of these 18 rows (6.78) -- likely because 5 of these operations use 2 operators and the paper's own SMV accounting for those differs from a flat sum; not resolved here, recorded as published."
24,islam_2019_conventional,Mahadi Fashion (Pvt) Ltd (Bangladesh),knit_round_neck_tshirt,"buyer 'Sisal', style #6704",6.0,Back neck piping thread cut,collar_neckline,HELP,"stopwatch time study, capacity chart",1,0.25,cycle time with allowance,,,,"Islam, S., Sultana, S., Chowdhury, A.S.M.N. et al. (2019). ""Implementation of Work Sharing Technique to Improve Line Efficiency in Sewing Section: A Case Study."" European Scientific Journal, ESJ, 15(33), 147-162. DOI 10.19044/esj.2019.v15n33p147.",10.19044/esj.2019.v15n33p147,"Pre-work-sharing baseline; paper states overall style SMV=5.5 min, which does not equal a naive sum of these 18 rows (6.78) -- likely because 5 of these operations use 2 operators and the paper's own SMV accounting for those differs from a flat sum; not resolved here, recorded as published."
25,islam_2019_conventional,Mahadi Fashion (Pvt) Ltd (Bangladesh),knit_round_neck_tshirt,"buyer 'Sisal', style #6704",7.0,Back piping nose tack,bartack,S/N,"stopwatch time study, capacity chart",1,0.31,cycle time with allowance,,,,"Islam, S., Sultana, S., Chowdhury, A.S.M.N. et al. (2019). ""Implementation of Work Sharing Technique to Improve Line Efficiency in Sewing Section: A Case Study."" European Scientific Journal, ESJ, 15(33), 147-162. DOI 10.19044/esj.2019.v15n33p147.",10.19044/esj.2019.v15n33p147,"Pre-work-sharing baseline; paper states overall style SMV=5.5 min, which does not equal a naive sum of these 18 rows (6.78) -- likely because 5 of these operations use 2 operators and the paper's own SMV accounting for those differs from a flat sum; not resolved here, recorded as published."
26,islam_2019_conventional,Mahadi Fashion (Pvt) Ltd (Bangladesh),knit_round_neck_tshirt,"buyer 'Sisal', style #6704",8.0,T/S back neck,collar_neckline,F/L,"stopwatch time study, capacity chart",1,0.34,cycle time with allowance,,,,"Islam, S., Sultana, S., Chowdhury, A.S.M.N. et al. (2019). ""Implementation of Work Sharing Technique to Improve Line Efficiency in Sewing Section: A Case Study."" European Scientific Journal, ESJ, 15(33), 147-162. DOI 10.19044/esj.2019.v15n33p147.",10.19044/esj.2019.v15n33p147,"Pre-work-sharing baseline; paper states overall style SMV=5.5 min, which does not equal a naive sum of these 18 rows (6.78) -- likely because 5 of these operations use 2 operators and the paper's own SMV accounting for those differs from a flat sum; not resolved here, recorded as published."
27,islam_2019_conventional,Mahadi Fashion (Pvt) Ltd (Bangladesh),knit_round_neck_tshirt,"buyer 'Sisal', style #6704",9.0,T/S front neck,collar_neckline,F/L,"stopwatch time study, capacity chart",1,0.33,cycle time with allowance,,,,"Islam, S., Sultana, S., Chowdhury, A.S.M.N. et al. (2019). ""Implementation of Work Sharing Technique to Improve Line Efficiency in Sewing Section: A Case Study."" European Scientific Journal, ESJ, 15(33), 147-162. DOI 10.19044/esj.2019.v15n33p147.",10.19044/esj.2019.v15n33p147,"Pre-work-sharing baseline; paper states overall style SMV=5.5 min, which does not equal a naive sum of these 18 rows (6.78) -- likely because 5 of these operations use 2 operators and the paper's own SMV accounting for those differs from a flat sum; not resolved here, recorded as published."
28,islam_2019_conventional,Mahadi Fashion (Pvt) Ltd (Bangladesh),knit_round_neck_tshirt,"buyer 'Sisal', style #6704",10.0,Hem sleeve,sleeve_hem,F/L,"stopwatch time study, capacity chart",2,0.33,cycle time with allowance,,,,"Islam, S., Sultana, S., Chowdhury, A.S.M.N. et al. (2019). ""Implementation of Work Sharing Technique to Improve Line Efficiency in Sewing Section: A Case Study."" European Scientific Journal, ESJ, 15(33), 147-162. DOI 10.19044/esj.2019.v15n33p147.",10.19044/esj.2019.v15n33p147,"Pre-work-sharing baseline; paper states overall style SMV=5.5 min, which does not equal a naive sum of these 18 rows (6.78) -- likely because 5 of these operations use 2 operators and the paper's own SMV accounting for those differs from a flat sum; not resolved here, recorded as published."
29,islam_2019_conventional,Mahadi Fashion (Pvt) Ltd (Bangladesh),knit_round_neck_tshirt,"buyer 'Sisal', style #6704",11.0,Match sleeve to body,sleeve_set,HELP,"stopwatch time study, capacity chart",1,0.32,cycle time with allowance,,,,"Islam, S., Sultana, S., Chowdhury, A.S.M.N. et al. (2019). ""Implementation of Work Sharing Technique to Improve Line Efficiency in Sewing Section: A Case Study."" European Scientific Journal, ESJ, 15(33), 147-162. DOI 10.19044/esj.2019.v15n33p147.",10.19044/esj.2019.v15n33p147,"Pre-work-sharing baseline; paper states overall style SMV=5.5 min, which does not equal a naive sum of these 18 rows (6.78) -- likely because 5 of these operations use 2 operators and the paper's own SMV accounting for those differs from a flat sum; not resolved here, recorded as published."
30,islam_2019_conventional,Mahadi Fashion (Pvt) Ltd (Bangladesh),knit_round_neck_tshirt,"buyer 'Sisal', style #6704",12.0,Attach sleeve to body,sleeve_set,O/L,"stopwatch time study, capacity chart",2,0.41,cycle time with allowance,,,,"Islam, S., Sultana, S., Chowdhury, A.S.M.N. et al. (2019). ""Implementation of Work Sharing Technique to Improve Line Efficiency in Sewing Section: A Case Study."" European Scientific Journal, ESJ, 15(33), 147-162. DOI 10.19044/esj.2019.v15n33p147.",10.19044/esj.2019.v15n33p147,"Pre-work-sharing baseline; paper states overall style SMV=5.5 min, which does not equal a naive sum of these 18 rows (6.78) -- likely because 5 of these operations use 2 operators and the paper's own SMV accounting for those differs from a flat sum; not resolved here, recorded as published."
31,islam_2019_conventional,Mahadi Fashion (Pvt) Ltd (Bangladesh),knit_round_neck_tshirt,"buyer 'Sisal', style #6704",13.0,Close side seam,side_seam,O/L,"stopwatch time study, capacity chart",2,0.65,cycle time with allowance,,,,"Islam, S., Sultana, S., Chowdhury, A.S.M.N. et al. (2019). ""Implementation of Work Sharing Technique to Improve Line Efficiency in Sewing Section: A Case Study."" European Scientific Journal, ESJ, 15(33), 147-162. DOI 10.19044/esj.2019.v15n33p147.",10.19044/esj.2019.v15n33p147,"Pre-work-sharing baseline; paper states overall style SMV=5.5 min, which does not equal a naive sum of these 18 rows (6.78) -- likely because 5 of these operations use 2 operators and the paper's own SMV accounting for those differs from a flat sum; not resolved here, recorded as published."
32,islam_2019_conventional,Mahadi Fashion (Pvt) Ltd (Bangladesh),knit_round_neck_tshirt,"buyer 'Sisal', style #6704",14.0,Sleeve opening horizontal and vertical tack,sleeve_hem,S/N,"stopwatch time study, capacity chart",2,0.69,cycle time with allowance,,,,"Islam, S., Sultana, S., Chowdhury, A.S.M.N. et al. (2019). ""Implementation of Work Sharing Technique to Improve Line Efficiency in Sewing Section: A Case Study."" European Scientific Journal, ESJ, 15(33), 147-162. DOI 10.19044/esj.2019.v15n33p147.",10.19044/esj.2019.v15n33p147,"Pre-work-sharing baseline; paper states overall style SMV=5.5 min, which does not equal a naive sum of these 18 rows (6.78) -- likely because 5 of these operations use 2 operators and the paper's own SMV accounting for those differs from a flat sum; not resolved here, recorded as published."
33,islam_2019_conventional,Mahadi Fashion (Pvt) Ltd (Bangladesh),knit_round_neck_tshirt,"buyer 'Sisal', style #6704",15.0,Fold body for hem,hem,HELP,"stopwatch time study, capacity chart",1,0.34,cycle time with allowance,,,,"Islam, S., Sultana, S., Chowdhury, A.S.M.N. et al. (2019). ""Implementation of Work Sharing Technique to Improve Line Efficiency in Sewing Section: A Case Study."" European Scientific Journal, ESJ, 15(33), 147-162. DOI 10.19044/esj.2019.v15n33p147.",10.19044/esj.2019.v15n33p147,"Pre-work-sharing baseline; paper states overall style SMV=5.5 min, which does not equal a naive sum of these 18 rows (6.78) -- likely because 5 of these operations use 2 operators and the paper's own SMV accounting for those differs from a flat sum; not resolved here, recorded as published."
34,islam_2019_conventional,Mahadi Fashion (Pvt) Ltd (Bangladesh),knit_round_neck_tshirt,"buyer 'Sisal', style #6704",16.0,Sewing body hem,hem,F/L,"stopwatch time study, capacity chart",1,0.32,cycle time with allowance,,,,"Islam, S., Sultana, S., Chowdhury, A.S.M.N. et al. (2019). ""Implementation of Work Sharing Technique to Improve Line Efficiency in Sewing Section: A Case Study."" European Scientific Journal, ESJ, 15(33), 147-162. DOI 10.19044/esj.2019.v15n33p147.",10.19044/esj.2019.v15n33p147,"Pre-work-sharing baseline; paper states overall style SMV=5.5 min, which does not equal a naive sum of these 18 rows (6.78) -- likely because 5 of these operations use 2 operators and the paper's own SMV accounting for those differs from a flat sum; not resolved here, recorded as published."
35,islam_2019_conventional,Mahadi Fashion (Pvt) Ltd (Bangladesh),knit_round_neck_tshirt,"buyer 'Sisal', style #6704",17.0,Sewing body hem thread cut,hem,HELP,"stopwatch time study, capacity chart",1,0.27,cycle time with allowance,,,,"Islam, S., Sultana, S., Chowdhury, A.S.M.N. et al. (2019). ""Implementation of Work Sharing Technique to Improve Line Efficiency in Sewing Section: A Case Study."" European Scientific Journal, ESJ, 15(33), 147-162. DOI 10.19044/esj.2019.v15n33p147.",10.19044/esj.2019.v15n33p147,"Pre-work-sharing baseline; paper states overall style SMV=5.5 min, which does not equal a naive sum of these 18 rows (6.78) -- likely because 5 of these operations use 2 operators and the paper's own SMV accounting for those differs from a flat sum; not resolved here, recorded as published."
36,islam_2019_conventional,Mahadi Fashion (Pvt) Ltd (Bangladesh),knit_round_neck_tshirt,"buyer 'Sisal', style #6704",18.0,Final thread cut,trimming,HELP,"stopwatch time study, capacity chart",2,0.57,cycle time with allowance,,,,"Islam, S., Sultana, S., Chowdhury, A.S.M.N. et al. (2019). ""Implementation of Work Sharing Technique to Improve Line Efficiency in Sewing Section: A Case Study."" European Scientific Journal, ESJ, 15(33), 147-162. DOI 10.19044/esj.2019.v15n33p147.",10.19044/esj.2019.v15n33p147,"Pre-work-sharing baseline; paper states overall style SMV=5.5 min, which does not equal a naive sum of these 18 rows (6.78) -- likely because 5 of these operations use 2 operators and the paper's own SMV accounting for those differs from a flat sum; not resolved here, recorded as published."
37,thao_2023_table5,Hanosimex Co. (traditional),knit_polo_shirt,Polo-Shirt (knit),,Collar,collar_neckline,-,GSD (predetermined motion-time),1,0.8053,GSD time (converted from seconds),,,,"Thao, P.T., Phan, N.N.T. et al. (2023). ""Improve Building Database on the Operation Process and Performance Time for Sewing Operations of Knitted Garment Products."" Fibres and Textiles, 30(4), 58-64. DOI 10.15240/tul/008/2023-4-007.",10.15240/tul/008/2023-4-007,"Closed collar without legs, woven neckband, body fabric neckline | original row notes: Table 5 aggregate assembly-class comparison; NOT element-level GSD-code/TMU data."
38,thao_2023_table5,Hanosimex Co. (traditional),knit_polo_shirt,Polo-Shirt (knit),,Collar,collar_neckline,-,"BKG (aggregate factory method, per source)",1,1.1892,BKG time (converted from seconds),,,,"Thao, P.T., Phan, N.N.T. et al. (2023). ""Improve Building Database on the Operation Process and Performance Time for Sewing Operations of Knitted Garment Products."" Fibres and Textiles, 30(4), 58-64. DOI 10.15240/tul/008/2023-4-007.",10.15240/tul/008/2023-4-007,"Closed collar without legs, woven neckband, body fabric neckline | original row notes: Table 5 aggregate assembly-class comparison; NOT element-level GSD-code/TMU data."
39,thao_2023_table5,Hanosimex Co. (traditional),knit_polo_shirt,Polo-Shirt (knit),,Collar,collar_neckline,-,SAM (measured standard allowed minute),1,1.18,SAM time (converted from seconds),,,,"Thao, P.T., Phan, N.N.T. et al. (2023). ""Improve Building Database on the Operation Process and Performance Time for Sewing Operations of Knitted Garment Products."" Fibres and Textiles, 30(4), 58-64. DOI 10.15240/tul/008/2023-4-007.",10.15240/tul/008/2023-4-007,"Closed collar without legs, woven neckband, body fabric neckline | original row notes: Table 5 aggregate assembly-class comparison; NOT element-level GSD-code/TMU data."
40,thao_2023_table5,Hanosimex Co. (traditional),knit_polo_shirt,Polo-Shirt (knit),,Placket,placket,-,GSD (predetermined motion-time),1,1.0417,GSD time (converted from seconds),,,,"Thao, P.T., Phan, N.N.T. et al. (2023). ""Improve Building Database on the Operation Process and Performance Time for Sewing Operations of Knitted Garment Products."" Fibres and Textiles, 30(4), 58-64. DOI 10.15240/tul/008/2023-4-007.",10.15240/tul/008/2023-4-007,Skewed placket and open edge | original row notes: Table 5 aggregate assembly-class comparison; NOT element-level GSD-code/TMU data.
41,thao_2023_table5,Hanosimex Co. (traditional),knit_polo_shirt,Polo-Shirt (knit),,Placket,placket,-,"BKG (aggregate factory method, per source)",1,1.4417,BKG time (converted from seconds),,,,"Thao, P.T., Phan, N.N.T. et al. (2023). ""Improve Building Database on the Operation Process and Performance Time for Sewing Operations of Knitted Garment Products."" Fibres and Textiles, 30(4), 58-64. DOI 10.15240/tul/008/2023-4-007.",10.15240/tul/008/2023-4-007,Skewed placket and open edge | original row notes: Table 5 aggregate assembly-class comparison; NOT element-level GSD-code/TMU data.
42,thao_2023_table5,Hanosimex Co. (traditional),knit_polo_shirt,Polo-Shirt (knit),,Placket,placket,-,SAM (measured standard allowed minute),1,1.4233,SAM time (converted from seconds),,,,"Thao, P.T., Phan, N.N.T. et al. (2023). ""Improve Building Database on the Operation Process and Performance Time for Sewing Operations of Knitted Garment Products."" Fibres and Textiles, 30(4), 58-64. DOI 10.15240/tul/008/2023-4-007.",10.15240/tul/008/2023-4-007,Skewed placket and open edge | original row notes: Table 5 aggregate assembly-class comparison; NOT element-level GSD-code/TMU data.
43,thao_2023_table5,Hanosimex Co. (traditional),knit_polo_shirt,Polo-Shirt (knit),,Sleeve opening,sleeve_hem,-,GSD (predetermined motion-time),1,0.4133,GSD time (converted from seconds),,,,"Thao, P.T., Phan, N.N.T. et al. (2023). ""Improve Building Database on the Operation Process and Performance Time for Sewing Operations of Knitted Garment Products."" Fibres and Textiles, 30(4), 58-64. DOI 10.15240/tul/008/2023-4-007.",10.15240/tul/008/2023-4-007,2-needle cover stitch | original row notes: Table 5 aggregate assembly-class comparison; NOT element-level GSD-code/TMU data.
44,thao_2023_table5,Hanosimex Co. (traditional),knit_polo_shirt,Polo-Shirt (knit),,Sleeve opening,sleeve_hem,-,"BKG (aggregate factory method, per source)",1,0.6283,BKG time (converted from seconds),,,,"Thao, P.T., Phan, N.N.T. et al. (2023). ""Improve Building Database on the Operation Process and Performance Time for Sewing Operations of Knitted Garment Products."" Fibres and Textiles, 30(4), 58-64. DOI 10.15240/tul/008/2023-4-007.",10.15240/tul/008/2023-4-007,2-needle cover stitch | original row notes: Table 5 aggregate assembly-class comparison; NOT element-level GSD-code/TMU data.
45,thao_2023_table5,Hanosimex Co. (traditional),knit_polo_shirt,Polo-Shirt (knit),,Sleeve opening,sleeve_hem,-,SAM (measured standard allowed minute),1,0.625,SAM time (converted from seconds),,,,"Thao, P.T., Phan, N.N.T. et al. (2023). ""Improve Building Database on the Operation Process and Performance Time for Sewing Operations of Knitted Garment Products."" Fibres and Textiles, 30(4), 58-64. DOI 10.15240/tul/008/2023-4-007.",10.15240/tul/008/2023-4-007,2-needle cover stitch | original row notes: Table 5 aggregate assembly-class comparison; NOT element-level GSD-code/TMU data.
46,thao_2023_table5,Hanosimex Co. (traditional),knit_polo_shirt,Polo-Shirt (knit),,Bottom,hem,-,GSD (predetermined motion-time),1,0.3058,GSD time (converted from seconds),,,,"Thao, P.T., Phan, N.N.T. et al. (2023). ""Improve Building Database on the Operation Process and Performance Time for Sewing Operations of Knitted Garment Products."" Fibres and Textiles, 30(4), 58-64. DOI 10.15240/tul/008/2023-4-007.",10.15240/tul/008/2023-4-007,2-needle cover stitch | original row notes: Table 5 aggregate assembly-class comparison; NOT element-level GSD-code/TMU data.
47,thao_2023_table5,Hanosimex Co. (traditional),knit_polo_shirt,Polo-Shirt (knit),,Bottom,hem,-,"BKG (aggregate factory method, per source)",1,0.6083,BKG time (converted from seconds),,,,"Thao, P.T., Phan, N.N.T. et al. (2023). ""Improve Building Database on the Operation Process and Performance Time for Sewing Operations of Knitted Garment Products."" Fibres and Textiles, 30(4), 58-64. DOI 10.15240/tul/008/2023-4-007.",10.15240/tul/008/2023-4-007,2-needle cover stitch | original row notes: Table 5 aggregate assembly-class comparison; NOT element-level GSD-code/TMU data.
48,thao_2023_table5,Hanosimex Co. (traditional),knit_polo_shirt,Polo-Shirt (knit),,Bottom,hem,-,SAM (measured standard allowed minute),1,0.6167,SAM time (converted from seconds),,,,"Thao, P.T., Phan, N.N.T. et al. (2023). ""Improve Building Database on the Operation Process and Performance Time for Sewing Operations of Knitted Garment Products."" Fibres and Textiles, 30(4), 58-64. DOI 10.15240/tul/008/2023-4-007.",10.15240/tul/008/2023-4-007,2-needle cover stitch | original row notes: Table 5 aggregate assembly-class comparison; NOT element-level GSD-code/TMU data.
49,thao_2023_table5,Hanosimex Co. (traditional),knit_polo_shirt,Polo-Shirt (knit),,Shoulder seam,shoulder_join,-,GSD (predetermined motion-time),1,0.435,GSD time (converted from seconds),,,,"Thao, P.T., Phan, N.N.T. et al. (2023). ""Improve Building Database on the Operation Process and Performance Time for Sewing Operations of Knitted Garment Products."" Fibres and Textiles, 30(4), 58-64. DOI 10.15240/tul/008/2023-4-007.",10.15240/tul/008/2023-4-007,Seams | original row notes: Table 5 aggregate assembly-class comparison; NOT element-level GSD-code/TMU data.
50,thao_2023_table5,Hanosimex Co. (traditional),knit_polo_shirt,Polo-Shirt (knit),,Shoulder seam,shoulder_join,-,"BKG (aggregate factory method, per source)",1,0.6333,BKG time (converted from seconds),,,,"Thao, P.T., Phan, N.N.T. et al. (2023). ""Improve Building Database on the Operation Process and Performance Time for Sewing Operations of Knitted Garment Products."" Fibres and Textiles, 30(4), 58-64. DOI 10.15240/tul/008/2023-4-007.",10.15240/tul/008/2023-4-007,Seams | original row notes: Table 5 aggregate assembly-class comparison; NOT element-level GSD-code/TMU data.
51,thao_2023_table5,Hanosimex Co. (traditional),knit_polo_shirt,Polo-Shirt (knit),,Shoulder seam,shoulder_join,-,SAM (measured standard allowed minute),1,0.6233,SAM time (converted from seconds),,,,"Thao, P.T., Phan, N.N.T. et al. (2023). ""Improve Building Database on the Operation Process and Performance Time for Sewing Operations of Knitted Garment Products."" Fibres and Textiles, 30(4), 58-64. DOI 10.15240/tul/008/2023-4-007.",10.15240/tul/008/2023-4-007,Seams | original row notes: Table 5 aggregate assembly-class comparison; NOT element-level GSD-code/TMU data.
52,thao_2023_table5,Hanosimex Co. (traditional),knit_polo_shirt,Polo-Shirt (knit),,Armhole seam,other,-,GSD (predetermined motion-time),1,0.6283,GSD time (converted from seconds),,,,"Thao, P.T., Phan, N.N.T. et al. (2023). ""Improve Building Database on the Operation Process and Performance Time for Sewing Operations of Knitted Garment Products."" Fibres and Textiles, 30(4), 58-64. DOI 10.15240/tul/008/2023-4-007.",10.15240/tul/008/2023-4-007,Seams | original row notes: Table 5 aggregate assembly-class comparison; NOT element-level GSD-code/TMU data.
53,thao_2023_table5,Hanosimex Co. (traditional),knit_polo_shirt,Polo-Shirt (knit),,Armhole seam,other,-,"BKG (aggregate factory method, per source)",1,0.9333,BKG time (converted from seconds),,,,"Thao, P.T., Phan, N.N.T. et al. (2023). ""Improve Building Database on the Operation Process and Performance Time for Sewing Operations of Knitted Garment Products."" Fibres and Textiles, 30(4), 58-64. DOI 10.15240/tul/008/2023-4-007.",10.15240/tul/008/2023-4-007,Seams | original row notes: Table 5 aggregate assembly-class comparison; NOT element-level GSD-code/TMU data.
54,thao_2023_table5,Hanosimex Co. (traditional),knit_polo_shirt,Polo-Shirt (knit),,Armhole seam,other,-,SAM (measured standard allowed minute),1,0.93,SAM time (converted from seconds),,,,"Thao, P.T., Phan, N.N.T. et al. (2023). ""Improve Building Database on the Operation Process and Performance Time for Sewing Operations of Knitted Garment Products."" Fibres and Textiles, 30(4), 58-64. DOI 10.15240/tul/008/2023-4-007.",10.15240/tul/008/2023-4-007,Seams | original row notes: Table 5 aggregate assembly-class comparison; NOT element-level GSD-code/TMU data.
55,thao_2023_table5,Hanosimex Co. (traditional),knit_polo_shirt,Polo-Shirt (knit),,Side seam and sleeve seam,sleeve_set,-,GSD (predetermined motion-time),1,0.8433,GSD time (converted from seconds),,,,"Thao, P.T., Phan, N.N.T. et al. (2023). ""Improve Building Database on the Operation Process and Performance Time for Sewing Operations of Knitted Garment Products."" Fibres and Textiles, 30(4), 58-64. DOI 10.15240/tul/008/2023-4-007.",10.15240/tul/008/2023-4-007,Seams | original row notes: Table 5 aggregate assembly-class comparison; NOT element-level GSD-code/TMU data.
56,thao_2023_table5,Hanosimex Co. (traditional),knit_polo_shirt,Polo-Shirt (knit),,Side seam and sleeve seam,sleeve_set,-,"BKG (aggregate factory method, per source)",1,1.2733,BKG time (converted from seconds),,,,"Thao, P.T., Phan, N.N.T. et al. (2023). ""Improve Building Database on the Operation Process and Performance Time for Sewing Operations of Knitted Garment Products."" Fibres and Textiles, 30(4), 58-64. DOI 10.15240/tul/008/2023-4-007.",10.15240/tul/008/2023-4-007,Seams | original row notes: Table 5 aggregate assembly-class comparison; NOT element-level GSD-code/TMU data.
57,thao_2023_table5,Hanosimex Co. (traditional),knit_polo_shirt,Polo-Shirt (knit),,Side seam and sleeve seam,sleeve_set,-,SAM (measured standard allowed minute),1,1.27,SAM time (converted from seconds),,,,"Thao, P.T., Phan, N.N.T. et al. (2023). ""Improve Building Database on the Operation Process and Performance Time for Sewing Operations of Knitted Garment Products."" Fibres and Textiles, 30(4), 58-64. DOI 10.15240/tul/008/2023-4-007.",10.15240/tul/008/2023-4-007,Seams | original row notes: Table 5 aggregate assembly-class comparison; NOT element-level GSD-code/TMU data.
58,thao_2023_table5,Tinh Loi Garment Co. (modern),knit_polo_shirt,Polo-Shirt (knit),,Collar,collar_neckline,-,GSD (predetermined motion-time),1,1.275,GSD time (converted from seconds),,,,"Thao, P.T., Phan, N.N.T. et al. (2023). ""Improve Building Database on the Operation Process and Performance Time for Sewing Operations of Knitted Garment Products."" Fibres and Textiles, 30(4), 58-64. DOI 10.15240/tul/008/2023-4-007.",10.15240/tul/008/2023-4-007,"Closed collar without legs, woven neckband, woven tape neckline | original row notes: Table 6 aggregate assembly-class comparison; NOT element-level GSD-code/TMU data."
59,thao_2023_table5,Tinh Loi Garment Co. (modern),knit_polo_shirt,Polo-Shirt (knit),,Collar,collar_neckline,-,"BKG (aggregate factory method, per source)",1,1.885,BKG time (converted from seconds),,,,"Thao, P.T., Phan, N.N.T. et al. (2023). ""Improve Building Database on the Operation Process and Performance Time for Sewing Operations of Knitted Garment Products."" Fibres and Textiles, 30(4), 58-64. DOI 10.15240/tul/008/2023-4-007.",10.15240/tul/008/2023-4-007,"Closed collar without legs, woven neckband, woven tape neckline | original row notes: Table 6 aggregate assembly-class comparison; NOT element-level GSD-code/TMU data."
60,thao_2023_table5,Tinh Loi Garment Co. (modern),knit_polo_shirt,Polo-Shirt (knit),,Collar,collar_neckline,-,SAM (measured standard allowed minute),1,1.65,SAM time (converted from seconds),,,,"Thao, P.T., Phan, N.N.T. et al. (2023). ""Improve Building Database on the Operation Process and Performance Time for Sewing Operations of Knitted Garment Products."" Fibres and Textiles, 30(4), 58-64. DOI 10.15240/tul/008/2023-4-007.",10.15240/tul/008/2023-4-007,"Closed collar without legs, woven neckband, woven tape neckline | original row notes: Table 6 aggregate assembly-class comparison; NOT element-level GSD-code/TMU data."
61,thao_2023_table5,Tinh Loi Garment Co. (modern),knit_polo_shirt,Polo-Shirt (knit),,Collar,collar_neckline,-,GSD (predetermined motion-time),1,1.3367,GSD time (converted from seconds),,,,"Thao, P.T., Phan, N.N.T. et al. (2023). ""Improve Building Database on the Operation Process and Performance Time for Sewing Operations of Knitted Garment Products."" Fibres and Textiles, 30(4), 58-64. DOI 10.15240/tul/008/2023-4-007.",10.15240/tul/008/2023-4-007,"Closed collar without legs, woven neckband, body fabric neckline | original row notes: Table 6 aggregate assembly-class comparison; NOT element-level GSD-code/TMU data."
62,thao_2023_table5,Tinh Loi Garment Co. (modern),knit_polo_shirt,Polo-Shirt (knit),,Collar,collar_neckline,-,"BKG (aggregate factory method, per source)",1,1.8383,BKG time (converted from seconds),,,,"Thao, P.T., Phan, N.N.T. et al. (2023). ""Improve Building Database on the Operation Process and Performance Time for Sewing Operations of Knitted Garment Products."" Fibres and Textiles, 30(4), 58-64. DOI 10.15240/tul/008/2023-4-007.",10.15240/tul/008/2023-4-007,"Closed collar without legs, woven neckband, body fabric neckline | original row notes: Table 6 aggregate assembly-class comparison; NOT element-level GSD-code/TMU data."
63,thao_2023_table5,Tinh Loi Garment Co. (modern),knit_polo_shirt,Polo-Shirt (knit),,Collar,collar_neckline,-,SAM (measured standard allowed minute),1,1.68,SAM time (converted from seconds),,,,"Thao, P.T., Phan, N.N.T. et al. (2023). ""Improve Building Database on the Operation Process and Performance Time for Sewing Operations of Knitted Garment Products."" Fibres and Textiles, 30(4), 58-64. DOI 10.15240/tul/008/2023-4-007.",10.15240/tul/008/2023-4-007,"Closed collar without legs, woven neckband, body fabric neckline | original row notes: Table 6 aggregate assembly-class comparison; NOT element-level GSD-code/TMU data."
64,thao_2023_table5,Tinh Loi Garment Co. (modern),knit_polo_shirt,Polo-Shirt (knit),,Placket,placket,-,GSD (predetermined motion-time),1,2.155,GSD time (converted from seconds),,,,"Thao, P.T., Phan, N.N.T. et al. (2023). ""Improve Building Database on the Operation Process and Performance Time for Sewing Operations of Knitted Garment Products."" Fibres and Textiles, 30(4), 58-64. DOI 10.15240/tul/008/2023-4-007.",10.15240/tul/008/2023-4-007,Skewed placket and fold edge | original row notes: Table 6 aggregate assembly-class comparison; NOT element-level GSD-code/TMU data.
65,thao_2023_table5,Tinh Loi Garment Co. (modern),knit_polo_shirt,Polo-Shirt (knit),,Placket,placket,-,"BKG (aggregate factory method, per source)",1,2.735,BKG time (converted from seconds),,,,"Thao, P.T., Phan, N.N.T. et al. (2023). ""Improve Building Database on the Operation Process and Performance Time for Sewing Operations of Knitted Garment Products."" Fibres and Textiles, 30(4), 58-64. DOI 10.15240/tul/008/2023-4-007.",10.15240/tul/008/2023-4-007,Skewed placket and fold edge | original row notes: Table 6 aggregate assembly-class comparison; NOT element-level GSD-code/TMU data.
66,thao_2023_table5,Tinh Loi Garment Co. (modern),knit_polo_shirt,Polo-Shirt (knit),,Placket,placket,-,SAM (measured standard allowed minute),1,2.5033,SAM time (converted from seconds),,,,"Thao, P.T., Phan, N.N.T. et al. (2023). ""Improve Building Database on the Operation Process and Performance Time for Sewing Operations of Knitted Garment Products."" Fibres and Textiles, 30(4), 58-64. DOI 10.15240/tul/008/2023-4-007.",10.15240/tul/008/2023-4-007,Skewed placket and fold edge | original row notes: Table 6 aggregate assembly-class comparison; NOT element-level GSD-code/TMU data.
67,thao_2023_table5,Tinh Loi Garment Co. (modern),knit_polo_shirt,Polo-Shirt (knit),,Placket,placket,-,GSD (predetermined motion-time),1,2.36,GSD time (converted from seconds),,,,"Thao, P.T., Phan, N.N.T. et al. (2023). ""Improve Building Database on the Operation Process and Performance Time for Sewing Operations of Knitted Garment Products."" Fibres and Textiles, 30(4), 58-64. DOI 10.15240/tul/008/2023-4-007.",10.15240/tul/008/2023-4-007,"Skewed placket and fold edge, have buttonhole placket | original row notes: Table 6 aggregate assembly-class comparison; NOT element-level GSD-code/TMU data."
68,thao_2023_table5,Tinh Loi Garment Co. (modern),knit_polo_shirt,Polo-Shirt (knit),,Placket,placket,-,"BKG (aggregate factory method, per source)",1,3.2,BKG time (converted from seconds),,,,"Thao, P.T., Phan, N.N.T. et al. (2023). ""Improve Building Database on the Operation Process and Performance Time for Sewing Operations of Knitted Garment Products."" Fibres and Textiles, 30(4), 58-64. DOI 10.15240/tul/008/2023-4-007.",10.15240/tul/008/2023-4-007,"Skewed placket and fold edge, have buttonhole placket | original row notes: Table 6 aggregate assembly-class comparison; NOT element-level GSD-code/TMU data."
69,thao_2023_table5,Tinh Loi Garment Co. (modern),knit_polo_shirt,Polo-Shirt (knit),,Placket,placket,-,SAM (measured standard allowed minute),1,3.025,SAM time (converted from seconds),,,,"Thao, P.T., Phan, N.N.T. et al. (2023). ""Improve Building Database on the Operation Process and Performance Time for Sewing Operations of Knitted Garment Products."" Fibres and Textiles, 30(4), 58-64. DOI 10.15240/tul/008/2023-4-007.",10.15240/tul/008/2023-4-007,"Skewed placket and fold edge, have buttonhole placket | original row notes: Table 6 aggregate assembly-class comparison; NOT element-level GSD-code/TMU data."
70,thao_2023_table5,Tinh Loi Garment Co. (modern),knit_polo_shirt,Polo-Shirt (knit),,Sleeve opening,sleeve_hem,-,GSD (predetermined motion-time),1,0.4567,GSD time (converted from seconds),,,,"Thao, P.T., Phan, N.N.T. et al. (2023). ""Improve Building Database on the Operation Process and Performance Time for Sewing Operations of Knitted Garment Products."" Fibres and Textiles, 30(4), 58-64. DOI 10.15240/tul/008/2023-4-007.",10.15240/tul/008/2023-4-007,2-needle cover stitch sleeve opening | original row notes: Table 6 aggregate assembly-class comparison; NOT element-level GSD-code/TMU data.
71,thao_2023_table5,Tinh Loi Garment Co. (modern),knit_polo_shirt,Polo-Shirt (knit),,Sleeve opening,sleeve_hem,-,"BKG (aggregate factory method, per source)",1,0.6317,BKG time (converted from seconds),,,,"Thao, P.T., Phan, N.N.T. et al. (2023). ""Improve Building Database on the Operation Process and Performance Time for Sewing Operations of Knitted Garment Products."" Fibres and Textiles, 30(4), 58-64. DOI 10.15240/tul/008/2023-4-007.",10.15240/tul/008/2023-4-007,2-needle cover stitch sleeve opening | original row notes: Table 6 aggregate assembly-class comparison; NOT element-level GSD-code/TMU data.
72,thao_2023_table5,Tinh Loi Garment Co. (modern),knit_polo_shirt,Polo-Shirt (knit),,Sleeve opening,sleeve_hem,-,SAM (measured standard allowed minute),1,0.6,SAM time (converted from seconds),,,,"Thao, P.T., Phan, N.N.T. et al. (2023). ""Improve Building Database on the Operation Process and Performance Time for Sewing Operations of Knitted Garment Products."" Fibres and Textiles, 30(4), 58-64. DOI 10.15240/tul/008/2023-4-007.",10.15240/tul/008/2023-4-007,2-needle cover stitch sleeve opening | original row notes: Table 6 aggregate assembly-class comparison; NOT element-level GSD-code/TMU data.
73,thao_2023_table5,Tinh Loi Garment Co. (modern),knit_polo_shirt,Polo-Shirt (knit),,Sleeve opening,sleeve_hem,-,GSD (predetermined motion-time),1,0.8333,GSD time (converted from seconds),,,,"Thao, P.T., Phan, N.N.T. et al. (2023). ""Improve Building Database on the Operation Process and Performance Time for Sewing Operations of Knitted Garment Products."" Fibres and Textiles, 30(4), 58-64. DOI 10.15240/tul/008/2023-4-007.",10.15240/tul/008/2023-4-007,Sleeve cuff | original row notes: Table 6 aggregate assembly-class comparison; NOT element-level GSD-code/TMU data.
74,thao_2023_table5,Tinh Loi Garment Co. (modern),knit_polo_shirt,Polo-Shirt (knit),,Sleeve opening,sleeve_hem,-,"BKG (aggregate factory method, per source)",1,1.055,BKG time (converted from seconds),,,,"Thao, P.T., Phan, N.N.T. et al. (2023). ""Improve Building Database on the Operation Process and Performance Time for Sewing Operations of Knitted Garment Products."" Fibres and Textiles, 30(4), 58-64. DOI 10.15240/tul/008/2023-4-007.",10.15240/tul/008/2023-4-007,Sleeve cuff | original row notes: Table 6 aggregate assembly-class comparison; NOT element-level GSD-code/TMU data.
75,thao_2023_table5,Tinh Loi Garment Co. (modern),knit_polo_shirt,Polo-Shirt (knit),,Sleeve opening,sleeve_hem,-,SAM (measured standard allowed minute),1,1.02,SAM time (converted from seconds),,,,"Thao, P.T., Phan, N.N.T. et al. (2023). ""Improve Building Database on the Operation Process and Performance Time for Sewing Operations of Knitted Garment Products."" Fibres and Textiles, 30(4), 58-64. DOI 10.15240/tul/008/2023-4-007.",10.15240/tul/008/2023-4-007,Sleeve cuff | original row notes: Table 6 aggregate assembly-class comparison; NOT element-level GSD-code/TMU data.
76,thao_2023_table5,Tinh Loi Garment Co. (modern),knit_polo_shirt,Polo-Shirt (knit),,Bottom,hem,-,GSD (predetermined motion-time),1,0.4483,GSD time (converted from seconds),,,,"Thao, P.T., Phan, N.N.T. et al. (2023). ""Improve Building Database on the Operation Process and Performance Time for Sewing Operations of Knitted Garment Products."" Fibres and Textiles, 30(4), 58-64. DOI 10.15240/tul/008/2023-4-007.",10.15240/tul/008/2023-4-007,2-needle cover stitch bottom | original row notes: Table 6 aggregate assembly-class comparison; NOT element-level GSD-code/TMU data.
77,thao_2023_table5,Tinh Loi Garment Co. (modern),knit_polo_shirt,Polo-Shirt (knit),,Bottom,hem,-,"BKG (aggregate factory method, per source)",1,0.6517,BKG time (converted from seconds),,,,"Thao, P.T., Phan, N.N.T. et al. (2023). ""Improve Building Database on the Operation Process and Performance Time for Sewing Operations of Knitted Garment Products."" Fibres and Textiles, 30(4), 58-64. DOI 10.15240/tul/008/2023-4-007.",10.15240/tul/008/2023-4-007,2-needle cover stitch bottom | original row notes: Table 6 aggregate assembly-class comparison; NOT element-level GSD-code/TMU data.
78,thao_2023_table5,Tinh Loi Garment Co. (modern),knit_polo_shirt,Polo-Shirt (knit),,Bottom,hem,-,SAM (measured standard allowed minute),1,0.48,SAM time (converted from seconds),,,,"Thao, P.T., Phan, N.N.T. et al. (2023). ""Improve Building Database on the Operation Process and Performance Time for Sewing Operations of Knitted Garment Products."" Fibres and Textiles, 30(4), 58-64. DOI 10.15240/tul/008/2023-4-007.",10.15240/tul/008/2023-4-007,2-needle cover stitch bottom | original row notes: Table 6 aggregate assembly-class comparison; NOT element-level GSD-code/TMU data.
79,thao_2023_table5,Tinh Loi Garment Co. (modern),knit_polo_shirt,Polo-Shirt (knit),,Bottom,hem,-,GSD (predetermined motion-time),1,0.6717,GSD time (converted from seconds),,,,"Thao, P.T., Phan, N.N.T. et al. (2023). ""Improve Building Database on the Operation Process and Performance Time for Sewing Operations of Knitted Garment Products."" Fibres and Textiles, 30(4), 58-64. DOI 10.15240/tul/008/2023-4-007.",10.15240/tul/008/2023-4-007,1-needle cover stitch bottom | original row notes: Table 6 aggregate assembly-class comparison; NOT element-level GSD-code/TMU data.
80,thao_2023_table5,Tinh Loi Garment Co. (modern),knit_polo_shirt,Polo-Shirt (knit),,Bottom,hem,-,"BKG (aggregate factory method, per source)",1,1.0533,BKG time (converted from seconds),,,,"Thao, P.T., Phan, N.N.T. et al. (2023). ""Improve Building Database on the Operation Process and Performance Time for Sewing Operations of Knitted Garment Products."" Fibres and Textiles, 30(4), 58-64. DOI 10.15240/tul/008/2023-4-007.",10.15240/tul/008/2023-4-007,1-needle cover stitch bottom | original row notes: Table 6 aggregate assembly-class comparison; NOT element-level GSD-code/TMU data.
81,thao_2023_table5,Tinh Loi Garment Co. (modern),knit_polo_shirt,Polo-Shirt (knit),,Bottom,hem,-,SAM (measured standard allowed minute),1,0.74,SAM time (converted from seconds),,,,"Thao, P.T., Phan, N.N.T. et al. (2023). ""Improve Building Database on the Operation Process and Performance Time for Sewing Operations of Knitted Garment Products."" Fibres and Textiles, 30(4), 58-64. DOI 10.15240/tul/008/2023-4-007.",10.15240/tul/008/2023-4-007,1-needle cover stitch bottom | original row notes: Table 6 aggregate assembly-class comparison; NOT element-level GSD-code/TMU data.
82,thao_2023_table5,Tinh Loi Garment Co. (modern),knit_polo_shirt,Polo-Shirt (knit),,Slit,other,-,GSD (predetermined motion-time),1,1.1467,GSD time (converted from seconds),,,,"Thao, P.T., Phan, N.N.T. et al. (2023). ""Improve Building Database on the Operation Process and Performance Time for Sewing Operations of Knitted Garment Products."" Fibres and Textiles, 30(4), 58-64. DOI 10.15240/tul/008/2023-4-007.",10.15240/tul/008/2023-4-007,Close edge slit | original row notes: Table 6 aggregate assembly-class comparison; NOT element-level GSD-code/TMU data.
83,thao_2023_table5,Tinh Loi Garment Co. (modern),knit_polo_shirt,Polo-Shirt (knit),,Slit,other,-,"BKG (aggregate factory method, per source)",1,1.46,BKG time (converted from seconds),,,,"Thao, P.T., Phan, N.N.T. et al. (2023). ""Improve Building Database on the Operation Process and Performance Time for Sewing Operations of Knitted Garment Products."" Fibres and Textiles, 30(4), 58-64. DOI 10.15240/tul/008/2023-4-007.",10.15240/tul/008/2023-4-007,Close edge slit | original row notes: Table 6 aggregate assembly-class comparison; NOT element-level GSD-code/TMU data.
84,thao_2023_table5,Tinh Loi Garment Co. (modern),knit_polo_shirt,Polo-Shirt (knit),,Slit,other,-,SAM (measured standard allowed minute),1,1.43,SAM time (converted from seconds),,,,"Thao, P.T., Phan, N.N.T. et al. (2023). ""Improve Building Database on the Operation Process and Performance Time for Sewing Operations of Knitted Garment Products."" Fibres and Textiles, 30(4), 58-64. DOI 10.15240/tul/008/2023-4-007.",10.15240/tul/008/2023-4-007,Close edge slit | original row notes: Table 6 aggregate assembly-class comparison; NOT element-level GSD-code/TMU data.
85,thao_2023_table5,Tinh Loi Garment Co. (modern),knit_polo_shirt,Polo-Shirt (knit),,Shoulder seam,shoulder_join,-,GSD (predetermined motion-time),1,0.3783,GSD time (converted from seconds),,,,"Thao, P.T., Phan, N.N.T. et al. (2023). ""Improve Building Database on the Operation Process and Performance Time for Sewing Operations of Knitted Garment Products."" Fibres and Textiles, 30(4), 58-64. DOI 10.15240/tul/008/2023-4-007.",10.15240/tul/008/2023-4-007,Seams | original row notes: Table 6 aggregate assembly-class comparison; NOT element-level GSD-code/TMU data.
86,thao_2023_table5,Tinh Loi Garment Co. (modern),knit_polo_shirt,Polo-Shirt (knit),,Shoulder seam,shoulder_join,-,"BKG (aggregate factory method, per source)",1,0.49,BKG time (converted from seconds),,,,"Thao, P.T., Phan, N.N.T. et al. (2023). ""Improve Building Database on the Operation Process and Performance Time for Sewing Operations of Knitted Garment Products."" Fibres and Textiles, 30(4), 58-64. DOI 10.15240/tul/008/2023-4-007.",10.15240/tul/008/2023-4-007,Seams | original row notes: Table 6 aggregate assembly-class comparison; NOT element-level GSD-code/TMU data.
87,thao_2023_table5,Tinh Loi Garment Co. (modern),knit_polo_shirt,Polo-Shirt (knit),,Shoulder seam,shoulder_join,-,SAM (measured standard allowed minute),1,0.35,SAM time (converted from seconds),,,,"Thao, P.T., Phan, N.N.T. et al. (2023). ""Improve Building Database on the Operation Process and Performance Time for Sewing Operations of Knitted Garment Products."" Fibres and Textiles, 30(4), 58-64. DOI 10.15240/tul/008/2023-4-007.",10.15240/tul/008/2023-4-007,Seams | original row notes: Table 6 aggregate assembly-class comparison; NOT element-level GSD-code/TMU data.
88,thao_2023_table5,Tinh Loi Garment Co. (modern),knit_polo_shirt,Polo-Shirt (knit),,Armhole seam,other,-,GSD (predetermined motion-time),1,0.565,GSD time (converted from seconds),,,,"Thao, P.T., Phan, N.N.T. et al. (2023). ""Improve Building Database on the Operation Process and Performance Time for Sewing Operations of Knitted Garment Products."" Fibres and Textiles, 30(4), 58-64. DOI 10.15240/tul/008/2023-4-007.",10.15240/tul/008/2023-4-007,Seams | original row notes: Table 6 aggregate assembly-class comparison; NOT element-level GSD-code/TMU data.
89,thao_2023_table5,Tinh Loi Garment Co. (modern),knit_polo_shirt,Polo-Shirt (knit),,Armhole seam,other,-,"BKG (aggregate factory method, per source)",1,0.7617,BKG time (converted from seconds),,,,"Thao, P.T., Phan, N.N.T. et al. (2023). ""Improve Building Database on the Operation Process and Performance Time for Sewing Operations of Knitted Garment Products."" Fibres and Textiles, 30(4), 58-64. DOI 10.15240/tul/008/2023-4-007.",10.15240/tul/008/2023-4-007,Seams | original row notes: Table 6 aggregate assembly-class comparison; NOT element-level GSD-code/TMU data.
90,thao_2023_table5,Tinh Loi Garment Co. (modern),knit_polo_shirt,Polo-Shirt (knit),,Armhole seam,other,-,SAM (measured standard allowed minute),1,0.6,SAM time (converted from seconds),,,,"Thao, P.T., Phan, N.N.T. et al. (2023). ""Improve Building Database on the Operation Process and Performance Time for Sewing Operations of Knitted Garment Products."" Fibres and Textiles, 30(4), 58-64. DOI 10.15240/tul/008/2023-4-007.",10.15240/tul/008/2023-4-007,Seams | original row notes: Table 6 aggregate assembly-class comparison; NOT element-level GSD-code/TMU data.
91,thao_2023_table5,Tinh Loi Garment Co. (modern),knit_polo_shirt,Polo-Shirt (knit),,Side seam and sleeve seam,sleeve_set,-,GSD (predetermined motion-time),1,0.625,GSD time (converted from seconds),,,,"Thao, P.T., Phan, N.N.T. et al. (2023). ""Improve Building Database on the Operation Process and Performance Time for Sewing Operations of Knitted Garment Products."" Fibres and Textiles, 30(4), 58-64. DOI 10.15240/tul/008/2023-4-007.",10.15240/tul/008/2023-4-007,Seams | original row notes: Table 6 aggregate assembly-class comparison; NOT element-level GSD-code/TMU data.
92,thao_2023_table5,Tinh Loi Garment Co. (modern),knit_polo_shirt,Polo-Shirt (knit),,Side seam and sleeve seam,sleeve_set,-,"BKG (aggregate factory method, per source)",1,0.815,BKG time (converted from seconds),,,,"Thao, P.T., Phan, N.N.T. et al. (2023). ""Improve Building Database on the Operation Process and Performance Time for Sewing Operations of Knitted Garment Products."" Fibres and Textiles, 30(4), 58-64. DOI 10.15240/tul/008/2023-4-007.",10.15240/tul/008/2023-4-007,Seams | original row notes: Table 6 aggregate assembly-class comparison; NOT element-level GSD-code/TMU data.
93,thao_2023_table5,Tinh Loi Garment Co. (modern),knit_polo_shirt,Polo-Shirt (knit),,Side seam and sleeve seam,sleeve_set,-,SAM (measured standard allowed minute),1,0.75,SAM time (converted from seconds),,,,"Thao, P.T., Phan, N.N.T. et al. (2023). ""Improve Building Database on the Operation Process and Performance Time for Sewing Operations of Knitted Garment Products."" Fibres and Textiles, 30(4), 58-64. DOI 10.15240/tul/008/2023-4-007.",10.15240/tul/008/2023-4-007,Seams | original row notes: Table 6 aggregate assembly-class comparison; NOT element-level GSD-code/TMU data.
94,rahman_2023_conventional,undisclosed Bangladeshi factory,knit_fullsleeve_tshirt,"basic full-sleeve T-shirt sewing line, Table 1",1.0,Collar attach,collar_neckline,-,"time study + process-flow/cycle-time analysis (Table 1, conventional column)",1,0.268,SMV (conventional layout),,,,"Rahman, M.M., Abdul Baten, M., Manjurul Hoque, M. et al. (2023). ""Impact of Lean Manufacturing on Productivity and Layout Design in Sewing Section of a Garment Industry."" International Journal of Industrial Management, 17(3), 1-10. DOI 10.15282/ijim.17.3.2023.8955.",10.15282/ijim.17.3.2023.8955,Table 1 verbatim; total 6.840 min matches paper's stated total exactly.
95,rahman_2023_lean,undisclosed Bangladeshi factory,knit_fullsleeve_tshirt,"basic full-sleeve T-shirt sewing line, Table 1",1.0,Collar attach,collar_neckline,-,"time study + process-flow/cycle-time analysis (Table 1, lean-implemented column)",1,0.268,SMV (lean-implemented layout),,,,"Rahman, M.M., Abdul Baten, M., Manjurul Hoque, M. et al. (2023). ""Impact of Lean Manufacturing on Productivity and Layout Design in Sewing Section of a Garment Industry."" International Journal of Industrial Management, 17(3), 1-10. DOI 10.15282/ijim.17.3.2023.8955.",10.15282/ijim.17.3.2023.8955,"Table 1 verbatim (lean-implemented column); row-sum here is 6.042 min, which does not exactly match the paper's own stated lean-implemented total of 5.940 min (a 0.9 min reduction from 6.840 is stated explicitly in the abstract/results). Residual = 0.102 min across 19 rows -- likely a transcription rounding error in 1-2 cells that could not be re-verified without a further read; flagged rather than silently corrected."
96,rahman_2023_conventional,undisclosed Bangladeshi factory,knit_fullsleeve_tshirt,"basic full-sleeve T-shirt sewing line, Table 1",2.0,Collar top stitch,collar_neckline,-,"time study + process-flow/cycle-time analysis (Table 1, conventional column)",1,0.336,SMV (conventional layout),,,,"Rahman, M.M., Abdul Baten, M., Manjurul Hoque, M. et al. (2023). ""Impact of Lean Manufacturing on Productivity and Layout Design in Sewing Section of a Garment Industry."" International Journal of Industrial Management, 17(3), 1-10. DOI 10.15282/ijim.17.3.2023.8955.",10.15282/ijim.17.3.2023.8955,Table 1 verbatim; total 6.840 min matches paper's stated total exactly.
97,rahman_2023_lean,undisclosed Bangladeshi factory,knit_fullsleeve_tshirt,"basic full-sleeve T-shirt sewing line, Table 1",2.0,Collar top stitch,collar_neckline,-,"time study + process-flow/cycle-time analysis (Table 1, lean-implemented column)",1,0.282,SMV (lean-implemented layout),,,,"Rahman, M.M., Abdul Baten, M., Manjurul Hoque, M. et al. (2023). ""Impact of Lean Manufacturing on Productivity and Layout Design in Sewing Section of a Garment Industry."" International Journal of Industrial Management, 17(3), 1-10. DOI 10.15282/ijim.17.3.2023.8955.",10.15282/ijim.17.3.2023.8955,"Table 1 verbatim (lean-implemented column); row-sum here is 6.042 min, which does not exactly match the paper's own stated lean-implemented total of 5.940 min (a 0.9 min reduction from 6.840 is stated explicitly in the abstract/results). Residual = 0.102 min across 19 rows -- likely a transcription rounding error in 1-2 cells that could not be re-verified without a further read; flagged rather than silently corrected."
98,rahman_2023_conventional,undisclosed Bangladeshi factory,knit_fullsleeve_tshirt,"basic full-sleeve T-shirt sewing line, Table 1",3.0,Placket attach,placket,-,"time study + process-flow/cycle-time analysis (Table 1, conventional column)",1,0.308,SMV (conventional layout),,,,"Rahman, M.M., Abdul Baten, M., Manjurul Hoque, M. et al. (2023). ""Impact of Lean Manufacturing on Productivity and Layout Design in Sewing Section of a Garment Industry."" International Journal of Industrial Management, 17(3), 1-10. DOI 10.15282/ijim.17.3.2023.8955.",10.15282/ijim.17.3.2023.8955,Table 1 verbatim; total 6.840 min matches paper's stated total exactly.
99,rahman_2023_lean,undisclosed Bangladeshi factory,knit_fullsleeve_tshirt,"basic full-sleeve T-shirt sewing line, Table 1",3.0,Placket attach,placket,-,"time study + process-flow/cycle-time analysis (Table 1, lean-implemented column)",1,0.308,SMV (lean-implemented layout),,,,"Rahman, M.M., Abdul Baten, M., Manjurul Hoque, M. et al. (2023). ""Impact of Lean Manufacturing on Productivity and Layout Design in Sewing Section of a Garment Industry."" International Journal of Industrial Management, 17(3), 1-10. DOI 10.15282/ijim.17.3.2023.8955.",10.15282/ijim.17.3.2023.8955,"Table 1 verbatim (lean-implemented column); row-sum here is 6.042 min, which does not exactly match the paper's own stated lean-implemented total of 5.940 min (a 0.9 min reduction from 6.840 is stated explicitly in the abstract/results). Residual = 0.102 min across 19 rows -- likely a transcription rounding error in 1-2 cells that could not be re-verified without a further read; flagged rather than silently corrected."
100,rahman_2023_conventional,undisclosed Bangladeshi factory,knit_fullsleeve_tshirt,"basic full-sleeve T-shirt sewing line, Table 1",4.0,Placket top stitch,placket,-,"time study + process-flow/cycle-time analysis (Table 1, conventional column)",1,0.241,SMV (conventional layout),,,,"Rahman, M.M., Abdul Baten, M., Manjurul Hoque, M. et al. (2023). ""Impact of Lean Manufacturing on Productivity and Layout Design in Sewing Section of a Garment Industry."" International Journal of Industrial Management, 17(3), 1-10. DOI 10.15282/ijim.17.3.2023.8955.",10.15282/ijim.17.3.2023.8955,Table 1 verbatim; total 6.840 min matches paper's stated total exactly.
101,rahman_2023_lean,undisclosed Bangladeshi factory,knit_fullsleeve_tshirt,"basic full-sleeve T-shirt sewing line, Table 1",4.0,Placket top stitch,placket,-,"time study + process-flow/cycle-time analysis (Table 1, lean-implemented column)",1,0.241,SMV (lean-implemented layout),,,,"Rahman, M.M., Abdul Baten, M., Manjurul Hoque, M. et al. (2023). ""Impact of Lean Manufacturing on Productivity and Layout Design in Sewing Section of a Garment Industry."" International Journal of Industrial Management, 17(3), 1-10. DOI 10.15282/ijim.17.3.2023.8955.",10.15282/ijim.17.3.2023.8955,"Table 1 verbatim (lean-implemented column); row-sum here is 6.042 min, which does not exactly match the paper's own stated lean-implemented total of 5.940 min (a 0.9 min reduction from 6.840 is stated explicitly in the abstract/results). Residual = 0.102 min across 19 rows -- likely a transcription rounding error in 1-2 cells that could not be re-verified without a further read; flagged rather than silently corrected."
102,rahman_2023_conventional,undisclosed Bangladeshi factory,knit_fullsleeve_tshirt,"basic full-sleeve T-shirt sewing line, Table 1",5.0,Sleeve attach (left),sleeve_set,-,"time study + process-flow/cycle-time analysis (Table 1, conventional column)",1,0.416,SMV (conventional layout),,,,"Rahman, M.M., Abdul Baten, M., Manjurul Hoque, M. et al. (2023). ""Impact of Lean Manufacturing on Productivity and Layout Design in Sewing Section of a Garment Industry."" International Journal of Industrial Management, 17(3), 1-10. DOI 10.15282/ijim.17.3.2023.8955.",10.15282/ijim.17.3.2023.8955,Table 1 verbatim; total 6.840 min matches paper's stated total exactly.
103,rahman_2023_lean,undisclosed Bangladeshi factory,knit_fullsleeve_tshirt,"basic full-sleeve T-shirt sewing line, Table 1",5.0,Sleeve attach (left),sleeve_set,-,"time study + process-flow/cycle-time analysis (Table 1, lean-implemented column)",1,0.389,SMV (lean-implemented layout),,,,"Rahman, M.M., Abdul Baten, M., Manjurul Hoque, M. et al. (2023). ""Impact of Lean Manufacturing on Productivity and Layout Design in Sewing Section of a Garment Industry."" International Journal of Industrial Management, 17(3), 1-10. DOI 10.15282/ijim.17.3.2023.8955.",10.15282/ijim.17.3.2023.8955,"Table 1 verbatim (lean-implemented column); row-sum here is 6.042 min, which does not exactly match the paper's own stated lean-implemented total of 5.940 min (a 0.9 min reduction from 6.840 is stated explicitly in the abstract/results). Residual = 0.102 min across 19 rows -- likely a transcription rounding error in 1-2 cells that could not be re-verified without a further read; flagged rather than silently corrected."
104,rahman_2023_conventional,undisclosed Bangladeshi factory,knit_fullsleeve_tshirt,"basic full-sleeve T-shirt sewing line, Table 1",6.0,Sleeve attach (right),sleeve_set,-,"time study + process-flow/cycle-time analysis (Table 1, conventional column)",1,0.282,SMV (conventional layout),,,,"Rahman, M.M., Abdul Baten, M., Manjurul Hoque, M. et al. (2023). ""Impact of Lean Manufacturing on Productivity and Layout Design in Sewing Section of a Garment Industry."" International Journal of Industrial Management, 17(3), 1-10. DOI 10.15282/ijim.17.3.2023.8955.",10.15282/ijim.17.3.2023.8955,Table 1 verbatim; total 6.840 min matches paper's stated total exactly.
105,rahman_2023_lean,undisclosed Bangladeshi factory,knit_fullsleeve_tshirt,"basic full-sleeve T-shirt sewing line, Table 1",6.0,Sleeve attach (right),sleeve_set,-,"time study + process-flow/cycle-time analysis (Table 1, lean-implemented column)",1,0.282,SMV (lean-implemented layout),,,,"Rahman, M.M., Abdul Baten, M., Manjurul Hoque, M. et al. (2023). ""Impact of Lean Manufacturing on Productivity and Layout Design in Sewing Section of a Garment Industry."" International Journal of Industrial Management, 17(3), 1-10. DOI 10.15282/ijim.17.3.2023.8955.",10.15282/ijim.17.3.2023.8955,"Table 1 verbatim (lean-implemented column); row-sum here is 6.042 min, which does not exactly match the paper's own stated lean-implemented total of 5.940 min (a 0.9 min reduction from 6.840 is stated explicitly in the abstract/results). Residual = 0.102 min across 19 rows -- likely a transcription rounding error in 1-2 cells that could not be re-verified without a further read; flagged rather than silently corrected."
106,rahman_2023_conventional,undisclosed Bangladeshi factory,knit_fullsleeve_tshirt,"basic full-sleeve T-shirt sewing line, Table 1",7.0,Shoulder join,shoulder_join,-,"time study + process-flow/cycle-time analysis (Table 1, conventional column)",2,0.523,SMV (conventional layout),,,,"Rahman, M.M., Abdul Baten, M., Manjurul Hoque, M. et al. (2023). ""Impact of Lean Manufacturing on Productivity and Layout Design in Sewing Section of a Garment Industry."" International Journal of Industrial Management, 17(3), 1-10. DOI 10.15282/ijim.17.3.2023.8955.",10.15282/ijim.17.3.2023.8955,Table 1 verbatim; total 6.840 min matches paper's stated total exactly.
107,rahman_2023_lean,undisclosed Bangladeshi factory,knit_fullsleeve_tshirt,"basic full-sleeve T-shirt sewing line, Table 1",7.0,Shoulder join,shoulder_join,-,"time study + process-flow/cycle-time analysis (Table 1, lean-implemented column)",2,0.429,SMV (lean-implemented layout),,,,"Rahman, M.M., Abdul Baten, M., Manjurul Hoque, M. et al. (2023). ""Impact of Lean Manufacturing on Productivity and Layout Design in Sewing Section of a Garment Industry."" International Journal of Industrial Management, 17(3), 1-10. DOI 10.15282/ijim.17.3.2023.8955.",10.15282/ijim.17.3.2023.8955,"Table 1 verbatim (lean-implemented column); row-sum here is 6.042 min, which does not exactly match the paper's own stated lean-implemented total of 5.940 min (a 0.9 min reduction from 6.840 is stated explicitly in the abstract/results). Residual = 0.102 min across 19 rows -- likely a transcription rounding error in 1-2 cells that could not be re-verified without a further read; flagged rather than silently corrected."
108,rahman_2023_conventional,undisclosed Bangladeshi factory,knit_fullsleeve_tshirt,"basic full-sleeve T-shirt sewing line, Table 1",8.0,Neck binding attach,collar_neckline,-,"time study + process-flow/cycle-time analysis (Table 1, conventional column)",1,0.336,SMV (conventional layout),,,,"Rahman, M.M., Abdul Baten, M., Manjurul Hoque, M. et al. (2023). ""Impact of Lean Manufacturing on Productivity and Layout Design in Sewing Section of a Garment Industry."" International Journal of Industrial Management, 17(3), 1-10. DOI 10.15282/ijim.17.3.2023.8955.",10.15282/ijim.17.3.2023.8955,Table 1 verbatim; total 6.840 min matches paper's stated total exactly.
109,rahman_2023_lean,undisclosed Bangladeshi factory,knit_fullsleeve_tshirt,"basic full-sleeve T-shirt sewing line, Table 1",8.0,Neck binding attach,collar_neckline,-,"time study + process-flow/cycle-time analysis (Table 1, lean-implemented column)",1,0.308,SMV (lean-implemented layout),,,,"Rahman, M.M., Abdul Baten, M., Manjurul Hoque, M. et al. (2023). ""Impact of Lean Manufacturing on Productivity and Layout Design in Sewing Section of a Garment Industry."" International Journal of Industrial Management, 17(3), 1-10. DOI 10.15282/ijim.17.3.2023.8955.",10.15282/ijim.17.3.2023.8955,"Table 1 verbatim (lean-implemented column); row-sum here is 6.042 min, which does not exactly match the paper's own stated lean-implemented total of 5.940 min (a 0.9 min reduction from 6.840 is stated explicitly in the abstract/results). Residual = 0.102 min across 19 rows -- likely a transcription rounding error in 1-2 cells that could not be re-verified without a further read; flagged rather than silently corrected."
110,rahman_2023_conventional,undisclosed Bangladeshi factory,knit_fullsleeve_tshirt,"basic full-sleeve T-shirt sewing line, Table 1",9.0,Neck binding top stitch,collar_neckline,-,"time study + process-flow/cycle-time analysis (Table 1, conventional column)",1,0.322,SMV (conventional layout),,,,"Rahman, M.M., Abdul Baten, M., Manjurul Hoque, M. et al. (2023). ""Impact of Lean Manufacturing on Productivity and Layout Design in Sewing Section of a Garment Industry."" International Journal of Industrial Management, 17(3), 1-10. DOI 10.15282/ijim.17.3.2023.8955.",10.15282/ijim.17.3.2023.8955,Table 1 verbatim; total 6.840 min matches paper's stated total exactly.
111,rahman_2023_lean,undisclosed Bangladeshi factory,knit_fullsleeve_tshirt,"basic full-sleeve T-shirt sewing line, Table 1",9.0,Neck binding top stitch,collar_neckline,-,"time study + process-flow/cycle-time analysis (Table 1, lean-implemented column)",1,0.268,SMV (lean-implemented layout),,,,"Rahman, M.M., Abdul Baten, M., Manjurul Hoque, M. et al. (2023). ""Impact of Lean Manufacturing on Productivity and Layout Design in Sewing Section of a Garment Industry."" International Journal of Industrial Management, 17(3), 1-10. DOI 10.15282/ijim.17.3.2023.8955.",10.15282/ijim.17.3.2023.8955,"Table 1 verbatim (lean-implemented column); row-sum here is 6.042 min, which does not exactly match the paper's own stated lean-implemented total of 5.940 min (a 0.9 min reduction from 6.840 is stated explicitly in the abstract/results). Residual = 0.102 min across 19 rows -- likely a transcription rounding error in 1-2 cells that could not be re-verified without a further read; flagged rather than silently corrected."
112,rahman_2023_conventional,undisclosed Bangladeshi factory,knit_fullsleeve_tshirt,"basic full-sleeve T-shirt sewing line, Table 1",10.0,Label attach,label_attach,-,"time study + process-flow/cycle-time analysis (Table 1, conventional column)",1,0.255,SMV (conventional layout),,,,"Rahman, M.M., Abdul Baten, M., Manjurul Hoque, M. et al. (2023). ""Impact of Lean Manufacturing on Productivity and Layout Design in Sewing Section of a Garment Industry."" International Journal of Industrial Management, 17(3), 1-10. DOI 10.15282/ijim.17.3.2023.8955.",10.15282/ijim.17.3.2023.8955,Table 1 verbatim; total 6.840 min matches paper's stated total exactly.
113,rahman_2023_lean,undisclosed Bangladeshi factory,knit_fullsleeve_tshirt,"basic full-sleeve T-shirt sewing line, Table 1",10.0,Label attach,label_attach,-,"time study + process-flow/cycle-time analysis (Table 1, lean-implemented column)",1,0.255,SMV (lean-implemented layout),,,,"Rahman, M.M., Abdul Baten, M., Manjurul Hoque, M. et al. (2023). ""Impact of Lean Manufacturing on Productivity and Layout Design in Sewing Section of a Garment Industry."" International Journal of Industrial Management, 17(3), 1-10. DOI 10.15282/ijim.17.3.2023.8955.",10.15282/ijim.17.3.2023.8955,"Table 1 verbatim (lean-implemented column); row-sum here is 6.042 min, which does not exactly match the paper's own stated lean-implemented total of 5.940 min (a 0.9 min reduction from 6.840 is stated explicitly in the abstract/results). Residual = 0.102 min across 19 rows -- likely a transcription rounding error in 1-2 cells that could not be re-verified without a further read; flagged rather than silently corrected."
114,rahman_2023_conventional,undisclosed Bangladeshi factory,knit_fullsleeve_tshirt,"basic full-sleeve T-shirt sewing line, Table 1",11.0,Side seam join,side_seam,-,"time study + process-flow/cycle-time analysis (Table 1, conventional column)",2,0.47,SMV (conventional layout),,,,"Rahman, M.M., Abdul Baten, M., Manjurul Hoque, M. et al. (2023). ""Impact of Lean Manufacturing on Productivity and Layout Design in Sewing Section of a Garment Industry."" International Journal of Industrial Management, 17(3), 1-10. DOI 10.15282/ijim.17.3.2023.8955.",10.15282/ijim.17.3.2023.8955,Table 1 verbatim; total 6.840 min matches paper's stated total exactly.
115,rahman_2023_lean,undisclosed Bangladeshi factory,knit_fullsleeve_tshirt,"basic full-sleeve T-shirt sewing line, Table 1",11.0,Side seam join,side_seam,-,"time study + process-flow/cycle-time analysis (Table 1, lean-implemented column)",2,0.389,SMV (lean-implemented layout),,,,"Rahman, M.M., Abdul Baten, M., Manjurul Hoque, M. et al. (2023). ""Impact of Lean Manufacturing on Productivity and Layout Design in Sewing Section of a Garment Industry."" International Journal of Industrial Management, 17(3), 1-10. DOI 10.15282/ijim.17.3.2023.8955.",10.15282/ijim.17.3.2023.8955,"Table 1 verbatim (lean-implemented column); row-sum here is 6.042 min, which does not exactly match the paper's own stated lean-implemented total of 5.940 min (a 0.9 min reduction from 6.840 is stated explicitly in the abstract/results). Residual = 0.102 min across 19 rows -- likely a transcription rounding error in 1-2 cells that could not be re-verified without a further read; flagged rather than silently corrected."
116,rahman_2023_conventional,undisclosed Bangladeshi factory,knit_fullsleeve_tshirt,"basic full-sleeve T-shirt sewing line, Table 1",12.0,Bottom hem,hem,-,"time study + process-flow/cycle-time analysis (Table 1, conventional column)",3,0.764,SMV (conventional layout),,,,"Rahman, M.M., Abdul Baten, M., Manjurul Hoque, M. et al. (2023). ""Impact of Lean Manufacturing on Productivity and Layout Design in Sewing Section of a Garment Industry."" International Journal of Industrial Management, 17(3), 1-10. DOI 10.15282/ijim.17.3.2023.8955.",10.15282/ijim.17.3.2023.8955,Table 1 verbatim; total 6.840 min matches paper's stated total exactly.
117,rahman_2023_lean,undisclosed Bangladeshi factory,knit_fullsleeve_tshirt,"basic full-sleeve T-shirt sewing line, Table 1",12.0,Bottom hem,hem,-,"time study + process-flow/cycle-time analysis (Table 1, lean-implemented column)",3,0.62,SMV (lean-implemented layout),,,,"Rahman, M.M., Abdul Baten, M., Manjurul Hoque, M. et al. (2023). ""Impact of Lean Manufacturing on Productivity and Layout Design in Sewing Section of a Garment Industry."" International Journal of Industrial Management, 17(3), 1-10. DOI 10.15282/ijim.17.3.2023.8955.",10.15282/ijim.17.3.2023.8955,"Table 1 verbatim (lean-implemented column); row-sum here is 6.042 min, which does not exactly match the paper's own stated lean-implemented total of 5.940 min (a 0.9 min reduction from 6.840 is stated explicitly in the abstract/results). Residual = 0.102 min across 19 rows -- likely a transcription rounding error in 1-2 cells that could not be re-verified without a further read; flagged rather than silently corrected."
118,rahman_2023_conventional,undisclosed Bangladeshi factory,knit_fullsleeve_tshirt,"basic full-sleeve T-shirt sewing line, Table 1",13.0,Sleeve hem (left),sleeve_hem,-,"time study + process-flow/cycle-time analysis (Table 1, conventional column)",1,0.215,SMV (conventional layout),,,,"Rahman, M.M., Abdul Baten, M., Manjurul Hoque, M. et al. (2023). ""Impact of Lean Manufacturing on Productivity and Layout Design in Sewing Section of a Garment Industry."" International Journal of Industrial Management, 17(3), 1-10. DOI 10.15282/ijim.17.3.2023.8955.",10.15282/ijim.17.3.2023.8955,Table 1 verbatim; total 6.840 min matches paper's stated total exactly.
119,rahman_2023_lean,undisclosed Bangladeshi factory,knit_fullsleeve_tshirt,"basic full-sleeve T-shirt sewing line, Table 1",13.0,Sleeve hem (left),sleeve_hem,-,"time study + process-flow/cycle-time analysis (Table 1, lean-implemented column)",1,0.19,SMV (lean-implemented layout),,,,"Rahman, M.M., Abdul Baten, M., Manjurul Hoque, M. et al. (2023). ""Impact of Lean Manufacturing on Productivity and Layout Design in Sewing Section of a Garment Industry."" International Journal of Industrial Management, 17(3), 1-10. DOI 10.15282/ijim.17.3.2023.8955.",10.15282/ijim.17.3.2023.8955,"Table 1 verbatim (lean-implemented column); row-sum here is 6.042 min, which does not exactly match the paper's own stated lean-implemented total of 5.940 min (a 0.9 min reduction from 6.840 is stated explicitly in the abstract/results). Residual = 0.102 min across 19 rows -- likely a transcription rounding error in 1-2 cells that could not be re-verified without a further read; flagged rather than silently corrected."
120,rahman_2023_conventional,undisclosed Bangladeshi factory,knit_fullsleeve_tshirt,"basic full-sleeve T-shirt sewing line, Table 1",14.0,Sleeve hem (right),sleeve_hem,-,"time study + process-flow/cycle-time analysis (Table 1, conventional column)",1,0.429,SMV (conventional layout),,,,"Rahman, M.M., Abdul Baten, M., Manjurul Hoque, M. et al. (2023). ""Impact of Lean Manufacturing on Productivity and Layout Design in Sewing Section of a Garment Industry."" International Journal of Industrial Management, 17(3), 1-10. DOI 10.15282/ijim.17.3.2023.8955.",10.15282/ijim.17.3.2023.8955,Table 1 verbatim; total 6.840 min matches paper's stated total exactly.
121,rahman_2023_lean,undisclosed Bangladeshi factory,knit_fullsleeve_tshirt,"basic full-sleeve T-shirt sewing line, Table 1",14.0,Sleeve hem (right),sleeve_hem,-,"time study + process-flow/cycle-time analysis (Table 1, lean-implemented column)",1,0.38,SMV (lean-implemented layout),,,,"Rahman, M.M., Abdul Baten, M., Manjurul Hoque, M. et al. (2023). ""Impact of Lean Manufacturing on Productivity and Layout Design in Sewing Section of a Garment Industry."" International Journal of Industrial Management, 17(3), 1-10. DOI 10.15282/ijim.17.3.2023.8955.",10.15282/ijim.17.3.2023.8955,"Table 1 verbatim (lean-implemented column); row-sum here is 6.042 min, which does not exactly match the paper's own stated lean-implemented total of 5.940 min (a 0.9 min reduction from 6.840 is stated explicitly in the abstract/results). Residual = 0.102 min across 19 rows -- likely a transcription rounding error in 1-2 cells that could not be re-verified without a further read; flagged rather than silently corrected."
122,rahman_2023_conventional,undisclosed Bangladeshi factory,knit_fullsleeve_tshirt,"basic full-sleeve T-shirt sewing line, Table 1",15.0,Button hole,button_buttonhole,-,"time study + process-flow/cycle-time analysis (Table 1, conventional column)",1,0.348,SMV (conventional layout),,,,"Rahman, M.M., Abdul Baten, M., Manjurul Hoque, M. et al. (2023). ""Impact of Lean Manufacturing on Productivity and Layout Design in Sewing Section of a Garment Industry."" International Journal of Industrial Management, 17(3), 1-10. DOI 10.15282/ijim.17.3.2023.8955.",10.15282/ijim.17.3.2023.8955,Table 1 verbatim; total 6.840 min matches paper's stated total exactly.
123,rahman_2023_lean,undisclosed Bangladeshi factory,knit_fullsleeve_tshirt,"basic full-sleeve T-shirt sewing line, Table 1",15.0,Button hole,button_buttonhole,-,"time study + process-flow/cycle-time analysis (Table 1, lean-implemented column)",1,0.31,SMV (lean-implemented layout),,,,"Rahman, M.M., Abdul Baten, M., Manjurul Hoque, M. et al. (2023). ""Impact of Lean Manufacturing on Productivity and Layout Design in Sewing Section of a Garment Industry."" International Journal of Industrial Management, 17(3), 1-10. DOI 10.15282/ijim.17.3.2023.8955.",10.15282/ijim.17.3.2023.8955,"Table 1 verbatim (lean-implemented column); row-sum here is 6.042 min, which does not exactly match the paper's own stated lean-implemented total of 5.940 min (a 0.9 min reduction from 6.840 is stated explicitly in the abstract/results). Residual = 0.102 min across 19 rows -- likely a transcription rounding error in 1-2 cells that could not be re-verified without a further read; flagged rather than silently corrected."
124,rahman_2023_conventional,undisclosed Bangladeshi factory,knit_fullsleeve_tshirt,"basic full-sleeve T-shirt sewing line, Table 1",16.0,Button attach,button_buttonhole,-,"time study + process-flow/cycle-time analysis (Table 1, conventional column)",1,0.241,SMV (conventional layout),,,,"Rahman, M.M., Abdul Baten, M., Manjurul Hoque, M. et al. (2023). ""Impact of Lean Manufacturing on Productivity and Layout Design in Sewing Section of a Garment Industry."" International Journal of Industrial Management, 17(3), 1-10. DOI 10.15282/ijim.17.3.2023.8955.",10.15282/ijim.17.3.2023.8955,Table 1 verbatim; total 6.840 min matches paper's stated total exactly.
125,rahman_2023_lean,undisclosed Bangladeshi factory,knit_fullsleeve_tshirt,"basic full-sleeve T-shirt sewing line, Table 1",16.0,Button attach,button_buttonhole,-,"time study + process-flow/cycle-time analysis (Table 1, lean-implemented column)",1,0.2,SMV (lean-implemented layout),,,,"Rahman, M.M., Abdul Baten, M., Manjurul Hoque, M. et al. (2023). ""Impact of Lean Manufacturing on Productivity and Layout Design in Sewing Section of a Garment Industry."" International Journal of Industrial Management, 17(3), 1-10. DOI 10.15282/ijim.17.3.2023.8955.",10.15282/ijim.17.3.2023.8955,"Table 1 verbatim (lean-implemented column); row-sum here is 6.042 min, which does not exactly match the paper's own stated lean-implemented total of 5.940 min (a 0.9 min reduction from 6.840 is stated explicitly in the abstract/results). Residual = 0.102 min across 19 rows -- likely a transcription rounding error in 1-2 cells that could not be re-verified without a further read; flagged rather than silently corrected."
126,rahman_2023_conventional,undisclosed Bangladeshi factory,knit_fullsleeve_tshirt,"basic full-sleeve T-shirt sewing line, Table 1",17.0,Bartack,bartack,-,"time study + process-flow/cycle-time analysis (Table 1, conventional column)",1,0.389,SMV (conventional layout),,,,"Rahman, M.M., Abdul Baten, M., Manjurul Hoque, M. et al. (2023). ""Impact of Lean Manufacturing on Productivity and Layout Design in Sewing Section of a Garment Industry."" International Journal of Industrial Management, 17(3), 1-10. DOI 10.15282/ijim.17.3.2023.8955.",10.15282/ijim.17.3.2023.8955,Table 1 verbatim; total 6.840 min matches paper's stated total exactly.
127,rahman_2023_lean,undisclosed Bangladeshi factory,knit_fullsleeve_tshirt,"basic full-sleeve T-shirt sewing line, Table 1",17.0,Bartack,bartack,-,"time study + process-flow/cycle-time analysis (Table 1, lean-implemented column)",1,0.33,SMV (lean-implemented layout),,,,"Rahman, M.M., Abdul Baten, M., Manjurul Hoque, M. et al. (2023). ""Impact of Lean Manufacturing on Productivity and Layout Design in Sewing Section of a Garment Industry."" International Journal of Industrial Management, 17(3), 1-10. DOI 10.15282/ijim.17.3.2023.8955.",10.15282/ijim.17.3.2023.8955,"Table 1 verbatim (lean-implemented column); row-sum here is 6.042 min, which does not exactly match the paper's own stated lean-implemented total of 5.940 min (a 0.9 min reduction from 6.840 is stated explicitly in the abstract/results). Residual = 0.102 min across 19 rows -- likely a transcription rounding error in 1-2 cells that could not be re-verified without a further read; flagged rather than silently corrected."
128,rahman_2023_conventional,undisclosed Bangladeshi factory,knit_fullsleeve_tshirt,"basic full-sleeve T-shirt sewing line, Table 1",18.0,Thread trimming,trimming,-,"time study + process-flow/cycle-time analysis (Table 1, conventional column)",1,0.268,SMV (conventional layout),,,,"Rahman, M.M., Abdul Baten, M., Manjurul Hoque, M. et al. (2023). ""Impact of Lean Manufacturing on Productivity and Layout Design in Sewing Section of a Garment Industry."" International Journal of Industrial Management, 17(3), 1-10. DOI 10.15282/ijim.17.3.2023.8955.",10.15282/ijim.17.3.2023.8955,Table 1 verbatim; total 6.840 min matches paper's stated total exactly.
129,rahman_2023_lean,undisclosed Bangladeshi factory,knit_fullsleeve_tshirt,"basic full-sleeve T-shirt sewing line, Table 1",18.0,Thread trimming,trimming,-,"time study + process-flow/cycle-time analysis (Table 1, lean-implemented column)",1,0.23,SMV (lean-implemented layout),,,,"Rahman, M.M., Abdul Baten, M., Manjurul Hoque, M. et al. (2023). ""Impact of Lean Manufacturing on Productivity and Layout Design in Sewing Section of a Garment Industry."" International Journal of Industrial Management, 17(3), 1-10. DOI 10.15282/ijim.17.3.2023.8955.",10.15282/ijim.17.3.2023.8955,"Table 1 verbatim (lean-implemented column); row-sum here is 6.042 min, which does not exactly match the paper's own stated lean-implemented total of 5.940 min (a 0.9 min reduction from 6.840 is stated explicitly in the abstract/results). Residual = 0.102 min across 19 rows -- likely a transcription rounding error in 1-2 cells that could not be re-verified without a further read; flagged rather than silently corrected."
130,rahman_2023_conventional,undisclosed Bangladeshi factory,knit_fullsleeve_tshirt,"basic full-sleeve T-shirt sewing line, Table 1",19.0,Final inspection,finishing,-,"time study + process-flow/cycle-time analysis (Table 1, conventional column)",1,0.429,SMV (conventional layout),,,,"Rahman, M.M., Abdul Baten, M., Manjurul Hoque, M. et al. (2023). ""Impact of Lean Manufacturing on Productivity and Layout Design in Sewing Section of a Garment Industry."" International Journal of Industrial Management, 17(3), 1-10. DOI 10.15282/ijim.17.3.2023.8955.",10.15282/ijim.17.3.2023.8955,Table 1 verbatim; total 6.840 min matches paper's stated total exactly.
131,rahman_2023_lean,undisclosed Bangladeshi factory,knit_fullsleeve_tshirt,"basic full-sleeve T-shirt sewing line, Table 1",19.0,Final inspection,finishing,-,"time study + process-flow/cycle-time analysis (Table 1, lean-implemented column)",1,0.363,SMV (lean-implemented layout),,,,"Rahman, M.M., Abdul Baten, M., Manjurul Hoque, M. et al. (2023). ""Impact of Lean Manufacturing on Productivity and Layout Design in Sewing Section of a Garment Industry."" International Journal of Industrial Management, 17(3), 1-10. DOI 10.15282/ijim.17.3.2023.8955.",10.15282/ijim.17.3.2023.8955,"Table 1 verbatim (lean-implemented column); row-sum here is 6.042 min, which does not exactly match the paper's own stated lean-implemented total of 5.940 min (a 0.9 min reduction from 6.840 is stated explicitly in the abstract/results). Residual = 0.102 min across 19 rows -- likely a transcription rounding error in 1-2 cells that could not be re-verified without a further read; flagged rather than silently corrected."
132,halim_2025_current_layout,"XYZ Group (Bangladesh, anonymized)",denim_jacket,"denim jacket, current (pre-balancing) production layout, Figure 6, 27 workstations, baseline line efficiency 51.05%",1.0,Fabric spreading,cutting_prep,-,time-and-motion study feeding a ranked-positional-weight/LCR/COMSOAL line-balancing comparison,1,1.0,processing/cycle time (converted from seconds),,,,"Halim, M.A., Islam, M.A., Ahmmed, M.S. (2025). ""Optimizing denim jacket assembly: Comparative analysis of line balancing techniques for efficiency improvement."" World Journal of Advanced Research and Reviews, 25(2), 2246-2262. DOI 10.30574/wjarr.2025.25.2.0559.",10.30574/wjarr.2025.25.2.0559,"Figure 6 verbatim, 60 s. Company name anonymized in source as 'XYZ Group'."
133,halim_2025_current_layout,"XYZ Group (Bangladesh, anonymized)",denim_jacket,"denim jacket, current (pre-balancing) production layout, Figure 6, 27 workstations, baseline line efficiency 51.05%",2.0,Marker making,cutting_prep,-,time-and-motion study feeding a ranked-positional-weight/LCR/COMSOAL line-balancing comparison,1,0.8333,processing/cycle time (converted from seconds),,,,"Halim, M.A., Islam, M.A., Ahmmed, M.S. (2025). ""Optimizing denim jacket assembly: Comparative analysis of line balancing techniques for efficiency improvement."" World Journal of Advanced Research and Reviews, 25(2), 2246-2262. DOI 10.30574/wjarr.2025.25.2.0559.",10.30574/wjarr.2025.25.2.0559,"Figure 6 verbatim, 50 s. Company name anonymized in source as 'XYZ Group'."
134,halim_2025_current_layout,"XYZ Group (Bangladesh, anonymized)",denim_jacket,"denim jacket, current (pre-balancing) production layout, Figure 6, 27 workstations, baseline line efficiency 51.05%",3.0,Fabric cutting,cutting_prep,-,time-and-motion study feeding a ranked-positional-weight/LCR/COMSOAL line-balancing comparison,1,1.3333,processing/cycle time (converted from seconds),,,,"Halim, M.A., Islam, M.A., Ahmmed, M.S. (2025). ""Optimizing denim jacket assembly: Comparative analysis of line balancing techniques for efficiency improvement."" World Journal of Advanced Research and Reviews, 25(2), 2246-2262. DOI 10.30574/wjarr.2025.25.2.0559.",10.30574/wjarr.2025.25.2.0559,"Figure 6 verbatim, 80 s. Company name anonymized in source as 'XYZ Group'."
135,halim_2025_current_layout,"XYZ Group (Bangladesh, anonymized)",denim_jacket,"denim jacket, current (pre-balancing) production layout, Figure 6, 27 workstations, baseline line efficiency 51.05%",4.0,Panel sorting & bundling,bundle_handling,-,time-and-motion study feeding a ranked-positional-weight/LCR/COMSOAL line-balancing comparison,1,0.6667,processing/cycle time (converted from seconds),,,,"Halim, M.A., Islam, M.A., Ahmmed, M.S. (2025). ""Optimizing denim jacket assembly: Comparative analysis of line balancing techniques for efficiency improvement."" World Journal of Advanced Research and Reviews, 25(2), 2246-2262. DOI 10.30574/wjarr.2025.25.2.0559.",10.30574/wjarr.2025.25.2.0559,"Figure 6 verbatim, 40 s. Company name anonymized in source as 'XYZ Group'."
136,halim_2025_current_layout,"XYZ Group (Bangladesh, anonymized)",denim_jacket,"denim jacket, current (pre-balancing) production layout, Figure 6, 27 workstations, baseline line efficiency 51.05%",5.0,Front panel joining,other,-,time-and-motion study feeding a ranked-positional-weight/LCR/COMSOAL line-balancing comparison,1,0.9167,processing/cycle time (converted from seconds),,,,"Halim, M.A., Islam, M.A., Ahmmed, M.S. (2025). ""Optimizing denim jacket assembly: Comparative analysis of line balancing techniques for efficiency improvement."" World Journal of Advanced Research and Reviews, 25(2), 2246-2262. DOI 10.30574/wjarr.2025.25.2.0559.",10.30574/wjarr.2025.25.2.0559,"Figure 6 verbatim, 55 s. Company name anonymized in source as 'XYZ Group'."
137,halim_2025_current_layout,"XYZ Group (Bangladesh, anonymized)",denim_jacket,"denim jacket, current (pre-balancing) production layout, Figure 6, 27 workstations, baseline line efficiency 51.05%",6.0,Back panel joining,other,-,time-and-motion study feeding a ranked-positional-weight/LCR/COMSOAL line-balancing comparison,1,0.8333,processing/cycle time (converted from seconds),,,,"Halim, M.A., Islam, M.A., Ahmmed, M.S. (2025). ""Optimizing denim jacket assembly: Comparative analysis of line balancing techniques for efficiency improvement."" World Journal of Advanced Research and Reviews, 25(2), 2246-2262. DOI 10.30574/wjarr.2025.25.2.0559.",10.30574/wjarr.2025.25.2.0559,"Figure 6 verbatim, 50 s. Company name anonymized in source as 'XYZ Group'."
138,halim_2025_current_layout,"XYZ Group (Bangladesh, anonymized)",denim_jacket,"denim jacket, current (pre-balancing) production layout, Figure 6, 27 workstations, baseline line efficiency 51.05%",7.0,Shoulder joining,shoulder_join,-,time-and-motion study feeding a ranked-positional-weight/LCR/COMSOAL line-balancing comparison,1,1.0833,processing/cycle time (converted from seconds),,,,"Halim, M.A., Islam, M.A., Ahmmed, M.S. (2025). ""Optimizing denim jacket assembly: Comparative analysis of line balancing techniques for efficiency improvement."" World Journal of Advanced Research and Reviews, 25(2), 2246-2262. DOI 10.30574/wjarr.2025.25.2.0559.",10.30574/wjarr.2025.25.2.0559,"Figure 6 verbatim, 65 s. Company name anonymized in source as 'XYZ Group'."
139,halim_2025_current_layout,"XYZ Group (Bangladesh, anonymized)",denim_jacket,"denim jacket, current (pre-balancing) production layout, Figure 6, 27 workstations, baseline line efficiency 51.05%",8.0,Sleeve making,sleeve_set,-,time-and-motion study feeding a ranked-positional-weight/LCR/COMSOAL line-balancing comparison,1,1.1667,processing/cycle time (converted from seconds),,,,"Halim, M.A., Islam, M.A., Ahmmed, M.S. (2025). ""Optimizing denim jacket assembly: Comparative analysis of line balancing techniques for efficiency improvement."" World Journal of Advanced Research and Reviews, 25(2), 2246-2262. DOI 10.30574/wjarr.2025.25.2.0559.",10.30574/wjarr.2025.25.2.0559,"Figure 6 verbatim, 70 s. Company name anonymized in source as 'XYZ Group'."
140,halim_2025_current_layout,"XYZ Group (Bangladesh, anonymized)",denim_jacket,"denim jacket, current (pre-balancing) production layout, Figure 6, 27 workstations, baseline line efficiency 51.05%",9.0,Pocket making,pocket,-,time-and-motion study feeding a ranked-positional-weight/LCR/COMSOAL line-balancing comparison,1,0.8333,processing/cycle time (converted from seconds),,,,"Halim, M.A., Islam, M.A., Ahmmed, M.S. (2025). ""Optimizing denim jacket assembly: Comparative analysis of line balancing techniques for efficiency improvement."" World Journal of Advanced Research and Reviews, 25(2), 2246-2262. DOI 10.30574/wjarr.2025.25.2.0559.",10.30574/wjarr.2025.25.2.0559,"Figure 6 verbatim, 50 s. Company name anonymized in source as 'XYZ Group'."
141,halim_2025_current_layout,"XYZ Group (Bangladesh, anonymized)",denim_jacket,"denim jacket, current (pre-balancing) production layout, Figure 6, 27 workstations, baseline line efficiency 51.05%",10.0,Pocket attachment,pocket,-,time-and-motion study feeding a ranked-positional-weight/LCR/COMSOAL line-balancing comparison,1,0.9167,processing/cycle time (converted from seconds),,,,"Halim, M.A., Islam, M.A., Ahmmed, M.S. (2025). ""Optimizing denim jacket assembly: Comparative analysis of line balancing techniques for efficiency improvement."" World Journal of Advanced Research and Reviews, 25(2), 2246-2262. DOI 10.30574/wjarr.2025.25.2.0559.",10.30574/wjarr.2025.25.2.0559,"Figure 6 verbatim, 55 s. Company name anonymized in source as 'XYZ Group'."
142,halim_2025_current_layout,"XYZ Group (Bangladesh, anonymized)",denim_jacket,"denim jacket, current (pre-balancing) production layout, Figure 6, 27 workstations, baseline line efficiency 51.05%",11.0,Sleeve attachment,sleeve_set,-,time-and-motion study feeding a ranked-positional-weight/LCR/COMSOAL line-balancing comparison,1,1.25,processing/cycle time (converted from seconds),,,,"Halim, M.A., Islam, M.A., Ahmmed, M.S. (2025). ""Optimizing denim jacket assembly: Comparative analysis of line balancing techniques for efficiency improvement."" World Journal of Advanced Research and Reviews, 25(2), 2246-2262. DOI 10.30574/wjarr.2025.25.2.0559.",10.30574/wjarr.2025.25.2.0559,"Figure 6 verbatim, 75 s. Company name anonymized in source as 'XYZ Group'."
143,halim_2025_current_layout,"XYZ Group (Bangladesh, anonymized)",denim_jacket,"denim jacket, current (pre-balancing) production layout, Figure 6, 27 workstations, baseline line efficiency 51.05%",12.0,Cuff preparation,cuff,-,time-and-motion study feeding a ranked-positional-weight/LCR/COMSOAL line-balancing comparison,1,0.75,processing/cycle time (converted from seconds),,,,"Halim, M.A., Islam, M.A., Ahmmed, M.S. (2025). ""Optimizing denim jacket assembly: Comparative analysis of line balancing techniques for efficiency improvement."" World Journal of Advanced Research and Reviews, 25(2), 2246-2262. DOI 10.30574/wjarr.2025.25.2.0559.",10.30574/wjarr.2025.25.2.0559,"Figure 6 verbatim, 45 s. Company name anonymized in source as 'XYZ Group'."
144,halim_2025_current_layout,"XYZ Group (Bangladesh, anonymized)",denim_jacket,"denim jacket, current (pre-balancing) production layout, Figure 6, 27 workstations, baseline line efficiency 51.05%",13.0,Cuff attachment,cuff,-,time-and-motion study feeding a ranked-positional-weight/LCR/COMSOAL line-balancing comparison,1,1.0,processing/cycle time (converted from seconds),,,,"Halim, M.A., Islam, M.A., Ahmmed, M.S. (2025). ""Optimizing denim jacket assembly: Comparative analysis of line balancing techniques for efficiency improvement."" World Journal of Advanced Research and Reviews, 25(2), 2246-2262. DOI 10.30574/wjarr.2025.25.2.0559.",10.30574/wjarr.2025.25.2.0559,"Figure 6 verbatim, 60 s. Company name anonymized in source as 'XYZ Group'."
145,halim_2025_current_layout,"XYZ Group (Bangladesh, anonymized)",denim_jacket,"denim jacket, current (pre-balancing) production layout, Figure 6, 27 workstations, baseline line efficiency 51.05%",14.0,Collar making,collar_neckline,-,time-and-motion study feeding a ranked-positional-weight/LCR/COMSOAL line-balancing comparison,1,0.9167,processing/cycle time (converted from seconds),,,,"Halim, M.A., Islam, M.A., Ahmmed, M.S. (2025). ""Optimizing denim jacket assembly: Comparative analysis of line balancing techniques for efficiency improvement."" World Journal of Advanced Research and Reviews, 25(2), 2246-2262. DOI 10.30574/wjarr.2025.25.2.0559.",10.30574/wjarr.2025.25.2.0559,"Figure 6 verbatim, 55 s. Company name anonymized in source as 'XYZ Group'."
146,halim_2025_current_layout,"XYZ Group (Bangladesh, anonymized)",denim_jacket,"denim jacket, current (pre-balancing) production layout, Figure 6, 27 workstations, baseline line efficiency 51.05%",15.0,Collar attachment,collar_neckline,-,time-and-motion study feeding a ranked-positional-weight/LCR/COMSOAL line-balancing comparison,1,1.1667,processing/cycle time (converted from seconds),,,,"Halim, M.A., Islam, M.A., Ahmmed, M.S. (2025). ""Optimizing denim jacket assembly: Comparative analysis of line balancing techniques for efficiency improvement."" World Journal of Advanced Research and Reviews, 25(2), 2246-2262. DOI 10.30574/wjarr.2025.25.2.0559.",10.30574/wjarr.2025.25.2.0559,"Figure 6 verbatim, 70 s. Company name anonymized in source as 'XYZ Group'."
147,halim_2025_current_layout,"XYZ Group (Bangladesh, anonymized)",denim_jacket,"denim jacket, current (pre-balancing) production layout, Figure 6, 27 workstations, baseline line efficiency 51.05%",16.0,Zipper/button placket making,placket,-,time-and-motion study feeding a ranked-positional-weight/LCR/COMSOAL line-balancing comparison,1,1.0,processing/cycle time (converted from seconds),,,,"Halim, M.A., Islam, M.A., Ahmmed, M.S. (2025). ""Optimizing denim jacket assembly: Comparative analysis of line balancing techniques for efficiency improvement."" World Journal of Advanced Research and Reviews, 25(2), 2246-2262. DOI 10.30574/wjarr.2025.25.2.0559.",10.30574/wjarr.2025.25.2.0559,"Figure 6 verbatim, 60 s. Company name anonymized in source as 'XYZ Group'."
148,halim_2025_current_layout,"XYZ Group (Bangladesh, anonymized)",denim_jacket,"denim jacket, current (pre-balancing) production layout, Figure 6, 27 workstations, baseline line efficiency 51.05%",17.0,Zipper/button attachment,button_buttonhole,-,time-and-motion study feeding a ranked-positional-weight/LCR/COMSOAL line-balancing comparison,1,1.0833,processing/cycle time (converted from seconds),,,,"Halim, M.A., Islam, M.A., Ahmmed, M.S. (2025). ""Optimizing denim jacket assembly: Comparative analysis of line balancing techniques for efficiency improvement."" World Journal of Advanced Research and Reviews, 25(2), 2246-2262. DOI 10.30574/wjarr.2025.25.2.0559.",10.30574/wjarr.2025.25.2.0559,"Figure 6 verbatim, 65 s. Company name anonymized in source as 'XYZ Group'."
149,halim_2025_current_layout,"XYZ Group (Bangladesh, anonymized)",denim_jacket,"denim jacket, current (pre-balancing) production layout, Figure 6, 27 workstations, baseline line efficiency 51.05%",18.0,Bottom hemming,hem,-,time-and-motion study feeding a ranked-positional-weight/LCR/COMSOAL line-balancing comparison,1,1.25,processing/cycle time (converted from seconds),,,,"Halim, M.A., Islam, M.A., Ahmmed, M.S. (2025). ""Optimizing denim jacket assembly: Comparative analysis of line balancing techniques for efficiency improvement."" World Journal of Advanced Research and Reviews, 25(2), 2246-2262. DOI 10.30574/wjarr.2025.25.2.0559.",10.30574/wjarr.2025.25.2.0559,"Figure 6 verbatim, 75 s. Company name anonymized in source as 'XYZ Group'."
150,halim_2025_current_layout,"XYZ Group (Bangladesh, anonymized)",denim_jacket,"denim jacket, current (pre-balancing) production layout, Figure 6, 27 workstations, baseline line efficiency 51.05%",19.0,Lining preparation,lining,-,time-and-motion study feeding a ranked-positional-weight/LCR/COMSOAL line-balancing comparison,1,0.9167,processing/cycle time (converted from seconds),,,,"Halim, M.A., Islam, M.A., Ahmmed, M.S. (2025). ""Optimizing denim jacket assembly: Comparative analysis of line balancing techniques for efficiency improvement."" World Journal of Advanced Research and Reviews, 25(2), 2246-2262. DOI 10.30574/wjarr.2025.25.2.0559.",10.30574/wjarr.2025.25.2.0559,"Figure 6 verbatim, 55 s. Company name anonymized in source as 'XYZ Group'."
151,halim_2025_current_layout,"XYZ Group (Bangladesh, anonymized)",denim_jacket,"denim jacket, current (pre-balancing) production layout, Figure 6, 27 workstations, baseline line efficiency 51.05%",20.0,Lining attachment,lining,-,time-and-motion study feeding a ranked-positional-weight/LCR/COMSOAL line-balancing comparison,1,1.3333,processing/cycle time (converted from seconds),,,,"Halim, M.A., Islam, M.A., Ahmmed, M.S. (2025). ""Optimizing denim jacket assembly: Comparative analysis of line balancing techniques for efficiency improvement."" World Journal of Advanced Research and Reviews, 25(2), 2246-2262. DOI 10.30574/wjarr.2025.25.2.0559.",10.30574/wjarr.2025.25.2.0559,"Figure 6 verbatim, 80 s. Company name anonymized in source as 'XYZ Group'."
152,halim_2025_current_layout,"XYZ Group (Bangladesh, anonymized)",denim_jacket,"denim jacket, current (pre-balancing) production layout, Figure 6, 27 workstations, baseline line efficiency 51.05%",21.0,Topstitching & edge finishing,topstitch,-,time-and-motion study feeding a ranked-positional-weight/LCR/COMSOAL line-balancing comparison,1,1.4167,processing/cycle time (converted from seconds),,,,"Halim, M.A., Islam, M.A., Ahmmed, M.S. (2025). ""Optimizing denim jacket assembly: Comparative analysis of line balancing techniques for efficiency improvement."" World Journal of Advanced Research and Reviews, 25(2), 2246-2262. DOI 10.30574/wjarr.2025.25.2.0559.",10.30574/wjarr.2025.25.2.0559,"Figure 6 verbatim, 85 s. Company name anonymized in source as 'XYZ Group'."
153,halim_2025_current_layout,"XYZ Group (Bangladesh, anonymized)",denim_jacket,"denim jacket, current (pre-balancing) production layout, Figure 6, 27 workstations, baseline line efficiency 51.05%",22.0,Thread trimming & inspection,trimming,-,time-and-motion study feeding a ranked-positional-weight/LCR/COMSOAL line-balancing comparison,1,0.6667,processing/cycle time (converted from seconds),,,,"Halim, M.A., Islam, M.A., Ahmmed, M.S. (2025). ""Optimizing denim jacket assembly: Comparative analysis of line balancing techniques for efficiency improvement."" World Journal of Advanced Research and Reviews, 25(2), 2246-2262. DOI 10.30574/wjarr.2025.25.2.0559.",10.30574/wjarr.2025.25.2.0559,"Figure 6 verbatim, 40 s. Company name anonymized in source as 'XYZ Group'."
154,halim_2025_current_layout,"XYZ Group (Bangladesh, anonymized)",denim_jacket,"denim jacket, current (pre-balancing) production layout, Figure 6, 27 workstations, baseline line efficiency 51.05%",23.0,Ironing & pressing,finishing,-,time-and-motion study feeding a ranked-positional-weight/LCR/COMSOAL line-balancing comparison,1,0.9167,processing/cycle time (converted from seconds),,,,"Halim, M.A., Islam, M.A., Ahmmed, M.S. (2025). ""Optimizing denim jacket assembly: Comparative analysis of line balancing techniques for efficiency improvement."" World Journal of Advanced Research and Reviews, 25(2), 2246-2262. DOI 10.30574/wjarr.2025.25.2.0559.",10.30574/wjarr.2025.25.2.0559,"Figure 6 verbatim, 55 s. Company name anonymized in source as 'XYZ Group'."
155,halim_2025_current_layout,"XYZ Group (Bangladesh, anonymized)",denim_jacket,"denim jacket, current (pre-balancing) production layout, Figure 6, 27 workstations, baseline line efficiency 51.05%",24.0,Final quality check,finishing,-,time-and-motion study feeding a ranked-positional-weight/LCR/COMSOAL line-balancing comparison,1,0.8333,processing/cycle time (converted from seconds),,,,"Halim, M.A., Islam, M.A., Ahmmed, M.S. (2025). ""Optimizing denim jacket assembly: Comparative analysis of line balancing techniques for efficiency improvement."" World Journal of Advanced Research and Reviews, 25(2), 2246-2262. DOI 10.30574/wjarr.2025.25.2.0559.",10.30574/wjarr.2025.25.2.0559,"Figure 6 verbatim, 50 s. Company name anonymized in source as 'XYZ Group'."
156,halim_2025_current_layout,"XYZ Group (Bangladesh, anonymized)",denim_jacket,"denim jacket, current (pre-balancing) production layout, Figure 6, 27 workstations, baseline line efficiency 51.05%",25.0,Tagging & labeling,label_attach,-,time-and-motion study feeding a ranked-positional-weight/LCR/COMSOAL line-balancing comparison,1,0.75,processing/cycle time (converted from seconds),,,,"Halim, M.A., Islam, M.A., Ahmmed, M.S. (2025). ""Optimizing denim jacket assembly: Comparative analysis of line balancing techniques for efficiency improvement."" World Journal of Advanced Research and Reviews, 25(2), 2246-2262. DOI 10.30574/wjarr.2025.25.2.0559.",10.30574/wjarr.2025.25.2.0559,"Figure 6 verbatim, 45 s. Company name anonymized in source as 'XYZ Group'."
157,halim_2025_current_layout,"XYZ Group (Bangladesh, anonymized)",denim_jacket,"denim jacket, current (pre-balancing) production layout, Figure 6, 27 workstations, baseline line efficiency 51.05%",26.0,Folding & polybag packing,bundle_handling,-,time-and-motion study feeding a ranked-positional-weight/LCR/COMSOAL line-balancing comparison,1,0.8333,processing/cycle time (converted from seconds),,,,"Halim, M.A., Islam, M.A., Ahmmed, M.S. (2025). ""Optimizing denim jacket assembly: Comparative analysis of line balancing techniques for efficiency improvement."" World Journal of Advanced Research and Reviews, 25(2), 2246-2262. DOI 10.30574/wjarr.2025.25.2.0559.",10.30574/wjarr.2025.25.2.0559,"Figure 6 verbatim, 50 s. Company name anonymized in source as 'XYZ Group'."
158,halim_2025_current_layout,"XYZ Group (Bangladesh, anonymized)",denim_jacket,"denim jacket, current (pre-balancing) production layout, Figure 6, 27 workstations, baseline line efficiency 51.05%",27.0,Carton packing & final inspection,bundle_handling,-,time-and-motion study feeding a ranked-positional-weight/LCR/COMSOAL line-balancing comparison,1,1.0,processing/cycle time (converted from seconds),,,,"Halim, M.A., Islam, M.A., Ahmmed, M.S. (2025). ""Optimizing denim jacket assembly: Comparative analysis of line balancing techniques for efficiency improvement."" World Journal of Advanced Research and Reviews, 25(2), 2246-2262. DOI 10.30574/wjarr.2025.25.2.0559.",10.30574/wjarr.2025.25.2.0559,"Figure 6 verbatim, 60 s. Company name anonymized in source as 'XYZ Group'."
